Frame_number, Cell_number, Cell_colour, Position_X, Position_Y, Unique_cell_number
1,1,1,53.993,51.999,1
1,2,0,355.63,97.438,2
1,3,0,424.92,101.48,3
1,4,0,228.2,87.942,4
1,5,0,193.37,207.03,5
1,6,0,123.51,133.5,6
1,7,0,275.03,359.94,7
1,8,0,187.23,252.29,8
1,9,0,374.44,276.03,9
1,10,0,207.34,213.94,10
1,11,0,415.84,89.531,11
1,12,0,145.36,324.49,12
1,13,0,182.4,237.05,13
1,14,0,220.51,78.212,14
1,15,0,367.35,259.23,15
1,16,0,282.48,344.68,16
1,17,0,264.99,347.05,17
1,18,0,375.5,291.34,18
1,19,0,234.84,177.4,19
1,20,-1,272.48,333.54,20
1,21,-1,194.66,193.28,21
1,22,-1,205.81,197.07,22
2,1,1,53.993,51.999,1
2,2,0,343.57,92.296,2
2,3,0,413.59,95.517,3
2,4,0,216.83,82.481,4
2,5,0,181.32,200.3,5
2,6,0,111.67,128.33,6
2,7,0,263.11,353.71,7
2,8,0,176.12,247.05,8
2,9,0,362.42,270.81,9
2,10,0,195.6,207.52,10
2,11,0,403.53,83.542,11
2,12,0,134.72,317.42,12
2,13,0,170.92,230.79,13
2,14,0,206.23,72.77,14
2,15,0,353.35,256.76,15
2,16,0,270.77,338.65,16
2,17,0,251.57,342.44,17
2,18,0,362.92,286.22,18
2,19,0,224.78,172.23,19
2,20,-1,255.31,331.99,20
2,21,0,182.94,187.38,21
2,22,0,194.43,190.45,22
2,23,0,339.34,75.371,23
2,24,0,160.43,253.86,24
2,25,0,374.83,279.02,25
2,26,-1,160.91,237.86,26
3,1,1,53.993,51.999,1
3,2,0,348.47,92.508,2
3,3,0,417.74,96.873,3
3,4,0,221.04,83.135,4
3,5,0,186.49,202.38,5
3,6,0,115.04,128.92,6
3,7,0,268.17,353.94,7
3,8,0,180.12,247.82,8
3,9,0,367.43,271.05,9
3,10,0,201.99,207.1,10
3,11,0,407.67,84.155,11
3,12,0,137.78,319.55,12
3,13,0,177.41,230.67,13
3,14,0,210.84,73.19,14
3,15,0,359.18,256.87,15
3,16,0,276.58,338.08,16
3,17,0,255.31,341.59,17
3,18,0,368.62,287.7,18
3,19,0,230.43,174.42,19
3,20,-1,263.02,331.29,20
3,21,0,187.43,189.2,21
3,22,1,198.57,193.69,22
3,23,-1,342.12,75.343,23
3,24,0,166.9,254.43,24
3,25,0,382.63,278.21,25
3,26,1,166.25,241.73,26
3,27,0,353.09,76.274,27
4,1,1,53.993,51.999,1
4,2,0,350.08,95.51,2
4,3,0,419.87,98.994,3
4,4,0,222.79,85.962,4
4,5,0,188.06,205.49,5
4,6,0,118.13,131.74,6
4,7,0,269.93,356.76,7
4,8,0,182.47,250.73,8
4,9,0,369.39,273.5,9
4,10,0,203.48,210.86,10
4,11,0,409.84,86.341,11
4,12,0,139.88,321.84,12
4,13,0,179.26,234.51,13
4,14,0,212.18,75.069,14
4,15,0,360.88,258.65,15
4,16,0,278.67,342.48,16
4,17,0,254.45,345.62,17
4,18,0,370.19,290.91,18
4,19,0,230.97,175.17,19
4,20,0,267.52,331.94,20
4,21,-1,188.84,191.62,21
4,22,0,202.17,196.72,22
4,23,0,345.27,80.268,23
4,24,-1,168.8,257.18,24
4,25,0,383.57,281.6,25
4,26,-1,169.12,240.63,26
4,27,0,358.77,83.262,27
5,1,1,53.993,51.999,1
5,2,0,348.38,94.392,2
5,3,0,417.48,98.329,3
5,4,0,221.59,84.83,4
5,5,0,185.86,204.47,5
5,6,0,116.46,130.63,6
5,7,0,268.1,355.44,7
5,8,0,180.42,249.45,8
5,9,0,368.09,271.7,9
5,10,0,201.57,209.86,10
5,11,0,408,86.035,11
5,12,0,138.15,320.59,12
5,13,0,177.56,232.65,13
5,14,0,208.42,73.231,14
5,15,0,358.32,258.48,15
5,16,0,276.77,340.9,16
5,17,0,251.68,348,17
5,18,0,367.92,290.34,18
5,19,0,228.67,174.88,19
5,20,0,267.9,329.86,20
5,21,1,185.82,192.56,21
5,22,0,199.98,195.75,22
5,23,-1,342.2,76.416,23
5,24,0,164.7,256.98,24
5,25,0,381.53,280.59,25
5,26,-1,167.27,238.78,26
5,27,1,357.19,81.513,27
6,1,1,52.993,51.999,1
6,2,-1,347.15,95.248,2
6,3,-1,416.57,98.458,3
6,4,-1,219.41,84.691,4
6,5,-1,183.21,203.75,5
6,6,-1,114.05,131.04,6
6,7,-1,266.25,355.83,7
6,8,-1,179.17,249.59,8
6,9,-1,362.4,274.65,9
6,10,-1,198.85,210.67,10
6,11,-1,405.31,85.931,11
6,12,-1,135.37,321.33,12
6,13,-1,176.01,232.49,13
6,14,-1,212.83,72.402,14
6,15,-1,355.32,258.45,15
6,16,-1,275.57,341.46,16
6,17,-1,249.6,348.86,17
6,18,-1,365.65,290.87,18
6,19,-1,223.53,176.84,19
6,20,-1,267.15,326.61,20
6,21,-1,184.49,187.83,21
6,22,-1,197.84,195.28,22
6,23,-1,340.97,79.427,23
6,24,-1,164.57,256.32,24
6,25,-1,379.77,280.98,25
6,26,-1,164.51,238.04,26
6,27,-1,353.85,81.949,27
6,28,-1,100.03,125.82,28
7,1,1,52.993,51.999,1
7,2,-1,361.73,104.09,2
7,3,-1,431.47,107.04,3
7,4,-1,234.74,93.945,4
7,5,-1,198.37,213.28,5
7,6,-1,130.14,139.49,6
7,7,-1,281.16,364.82,7
7,8,-1,194.8,258.36,8
7,9,-1,377.36,283.71,9
7,10,-1,215.47,217.9,10
7,11,-1,420.24,94.68,11
7,12,-1,150.29,330.28,12
7,13,-1,191.79,241.86,13
7,14,-1,223.44,81.391,14
7,15,-1,371.58,267.35,15
7,16,-1,290.84,350.47,16
7,17,-1,264.84,359.44,17
7,18,-1,380.01,299.56,18
7,19,-1,241.76,183.61,19
7,20,-1,281.22,337.6,20
7,21,-1,200.44,197.25,21
7,22,-1,213.28,204.7,22
7,23,-1,355.46,88.576,23
7,24,-1,180.22,265.48,24
7,25,-1,394.3,290.46,25
7,26,-1,178.3,251.75,26
7,27,-1,368.91,90.365,27
7,28,1,117.39,136.64,28
7,29,-1,271.64,345.87,29
8,1,1,52.993,51.999,1
8,2,-1,357.72,103.2,2
8,3,-1,427.17,106.25,3
8,4,-1,230.79,93.383,4
8,5,-1,194.41,212.77,5
8,6,-1,125.6,139.04,6
8,7,-1,277.37,363.93,7
8,8,-1,190.42,256.62,8
8,9,-1,372.96,283.23,9
8,10,-1,210.33,218.84,10
8,11,-1,416.07,93.265,11
8,12,-1,146.26,328.6,12
8,13,-1,186.48,238.27,13
8,14,-1,218.63,81.257,14
8,15,-1,366.53,266.44,15
8,16,-1,287.37,349.89,16
8,17,-1,260.95,357.31,17
8,18,-1,374.71,298.56,18
8,19,-1,238.15,181.9,19
8,20,-1,276.85,336.81,20
8,21,-1,199.18,196.05,21
8,22,-1,210,202.93,22
8,23,-1,351.87,87.058,23
8,24,-1,176.8,264,24
8,25,-1,390.77,289.47,25
8,26,-1,175.9,250.14,26
8,27,-1,366.07,88.697,27
8,28,-1,111.81,133.7,28
8,29,-1,267.06,346.22,29
8,30,-1,170.14,238.42,30
8,31,-1,187.17,198.77,31
9,1,1,52.993,51.999,1
9,2,-1,357.86,104.2,2
9,3,-1,427.06,106.97,3
9,4,-1,230.18,94.069,4
9,5,-1,193.88,213.27,5
9,6,-1,125.22,139.9,6
9,7,-1,277.31,364.24,7
9,8,-1,189.64,259.57,8
9,9,-1,374.73,281.68,9
9,10,-1,210.88,219.18,10
9,11,-1,415.64,93.299,11
9,12,-1,146.31,329.78,12
9,13,-1,186.11,237.68,13
9,14,-1,219.28,82.058,14
9,15,-1,366.53,265.12,15
9,16,-1,288.45,349.6,16
9,17,-1,260.36,357.57,17
9,18,-1,373.98,297.83,18
9,19,-1,237.54,180.45,19
9,20,-1,276.89,337.89,20
9,21,-1,199.74,197.28,21
9,22,-1,211.07,201.6,22
9,23,-1,351,88.479,23
9,24,-1,176.27,264.36,24
9,25,-1,390.57,289.69,25
9,26,-1,176.38,250.48,26
9,27,-1,365.7,90.448,27
9,28,-1,115.28,137.33,28
9,29,-1,267.65,346.01,29
9,30,-1,168.75,238.93,30
9,31,1,184.36,203.44,31
9,32,-1,389.42,303.69,32
9,33,-1,264.32,373.43,33
9,34,-1,359.19,278.26,34
9,35,-1,206.35,231.69,35
9,36,-1,195.97,244.03,36
10,1,1,52.993,51.999,1
10,2,-1,357.11,101.27,2
10,3,-1,425.89,103.58,3
10,4,-1,227.93,91.435,4
10,5,-1,192.35,210.02,5
10,6,-1,123.42,137.36,6
10,7,-1,275.75,361.39,7
10,8,-1,189.09,256.7,8
10,9,-1,374.29,278.66,9
10,10,-1,209.48,215.26,10
10,11,-1,414.28,90.433,11
10,12,-1,145.55,326.28,12
10,13,-1,185.4,234.14,13
10,14,-1,216.52,79.372,14
10,15,-1,364.94,262.87,15
10,16,-1,286.02,347.22,16
10,17,-1,258.78,355.58,17
10,18,-1,373.9,295.91,18
10,19,-1,236.55,179.87,19
10,20,1,276.32,335.58,20
10,21,1,195.53,195.76,21
10,22,-1,207.82,201.11,22
10,23,-1,348.69,85.771,23
10,24,-1,174.96,260.96,24
10,25,-1,390.17,285.78,25
10,26,-1,175.11,247.16,26
10,27,1,363.98,88.074,27
10,28,-1,110.47,133.33,28
10,29,-1,263.21,341.58,29
10,30,-1,168.76,232.58,30
10,31,1,183.22,201.41,31
10,32,-1,386.68,300.99,32
10,33,-1,263.7,371.88,33
10,34,-1,358.73,277.25,34
10,35,-1,204.2,228.97,35
10,36,-1,194.96,243.66,36
10,37,-1,132.94,127.22,37
10,38,-1,365.74,113.02,38
10,39,-1,218.54,194.2,39
10,40,-1,231.67,76.832,40
11,1,1,52.993,51.999,1
11,2,-1,356.96,101.15,2
11,3,-1,426.28,104.08,3
11,4,-1,228.07,91.59,4
11,5,-1,193.41,210.36,5
11,6,-1,124.01,138.6,6
11,7,-1,277.16,362.55,7
11,8,-1,188.82,256.21,8
11,9,-1,374.58,278.38,9
11,10,-1,209.54,216.12,10
11,11,-1,414.77,90.735,11
11,12,-1,145.14,326.15,12
11,13,-1,185.38,233.54,13
11,14,-1,216.78,79.786,14
11,15,-1,364.49,264.08,15
11,16,-1,284.25,347.21,16
11,17,-1,259.91,355.44,17
11,18,-1,373.76,296.19,18
11,19,-1,236.38,179.78,19
11,20,-1,275.76,335.88,20
11,21,-1,196.71,192.89,21
11,22,1,207.32,202.15,22
11,23,-1,348.94,85.684,23
11,24,-1,175.64,261.19,24
11,25,-1,389.35,287,25
11,26,-1,174.6,247.35,26
11,27,-1,364.34,86.496,27
11,28,-1,111.39,133.09,28
11,29,-1,258.68,340.49,29
11,30,-1,171.47,230.15,30
11,31,-1,183.32,205.45,31
11,32,-1,385.96,301.64,32
11,33,-1,264.61,371.74,33
11,34,-1,357.58,277.78,34
11,35,-1,203.28,229.55,35
11,36,-1,195.71,243.39,36
11,37,-1,133.61,126.59,37
11,38,-1,365.81,113.25,38
11,39,-1,219.69,196.2,39
11,40,-1,237.32,75.663,40
11,41,-1,297.33,343.46,41
11,42,-1,158.93,335.84,42
11,43,-1,396.46,281.45,43
11,44,-1,383.95,267.96,44
12,1,1,52.993,51.999,1
12,2,-1,355.93,100.27,2
12,3,-1,426.28,103.25,3
12,4,-1,228.05,91.136,4
12,5,-1,192.54,209.99,5
12,6,-1,123.04,139.57,6
12,7,-1,275.47,361.12,7
12,8,-1,188.72,254.63,8
12,9,-1,375.53,277.5,9
12,10,-1,209.48,215.94,10
12,11,-1,414.61,89.877,11
12,12,-1,144.8,324.88,12
12,13,-1,184.33,232.18,13
12,14,-1,216.23,80.373,14
12,15,-1,364.46,263.78,15
12,16,-1,284.4,346.31,16
12,17,-1,259.27,355.15,17
12,18,-1,371.97,295.79,18
12,19,-1,236.81,179.16,19
12,20,-1,275.1,333.14,20
12,21,-1,193.59,194.22,21
12,22,-1,204.86,198.75,22
12,23,-1,349.88,83.564,23
12,24,-1,175.42,260.78,24
12,25,-1,389,286.39,25
12,26,-1,174.2,246.13,26
12,27,-1,365.25,85.968,27
12,28,-1,111.86,131.44,28
12,29,-1,256.73,340.38,29
12,30,-1,169.98,231.97,30
12,31,-1,181.98,206.85,31
12,32,-1,385.32,300.54,32
12,33,-1,264.15,372.89,33
12,34,-1,358.5,278.18,34
12,35,-1,201.3,229.81,35
12,36,-1,198.28,244.74,36
12,37,-1,132.52,125.94,37
12,38,-1,367.7,111.38,38
12,39,-1,219.76,196.03,39
12,40,-1,236.88,76.452,40
12,41,-1,299.06,342.99,41
12,42,-1,159.66,333.89,42
12,43,1,400.9,282.38,43
12,44,-1,380.26,260.98,44
12,45,-1,263.79,324.63,45
12,46,-1,341.46,94.838,46
13,1,1,52.993,51.999,1
13,2,-1,355.44,99.198,2
13,3,-1,426.14,103.2,3
13,4,-1,228.17,90.148,4
13,5,-1,192.93,208.91,5
13,6,-1,123.25,138.56,6
13,7,-1,276.06,359.79,7
13,8,-1,188.41,253.68,8
13,9,-1,374.62,277.27,9
13,10,-1,209.17,215.13,10
13,11,-1,414.52,88.94,11
13,12,-1,143.98,323.39,12
13,13,-1,182.84,228.98,13
13,14,-1,214.62,77.556,14
13,15,-1,363.44,263.62,15
13,16,-1,284.22,345.4,16
13,17,-1,259.77,354.17,17
13,18,-1,363.61,292.22,18
13,19,-1,236.18,177.71,19
13,20,-1,276.63,332.02,20
13,21,-1,193.91,191.04,21
13,22,-1,204.99,198.28,22
13,23,-1,349.72,82.52,23
13,24,-1,175.81,258.62,24
13,25,-1,389.02,285.88,25
13,26,-1,174.64,244.49,26
13,27,-1,364.52,85.343,27
13,28,-1,112.24,130.23,28
13,29,-1,255.98,339.4,29
13,30,-1,168.17,232.53,30
13,31,-1,181.53,199.61,31
13,32,-1,382.64,298.11,32
13,33,-1,263.98,370.2,33
13,34,-1,357.71,277.82,34
13,35,-1,200.95,227.41,35
13,36,-1,203.25,248.49,36
13,37,-1,130.95,125.69,37
13,38,-1,367.1,109.85,38
13,39,-1,219.57,194.11,39
13,40,-1,234.72,74.581,40
13,41,-1,298.55,341.86,41
13,42,-1,158.12,335.16,42
13,43,-1,401.57,279.2,43
13,44,-1,379.81,261.6,44
13,45,1,263.18,325.31,45
13,46,-1,341.94,95.533,46
13,47,1,178.57,212.85,47
13,48,-1,221.93,66.137,48
14,1,1,52.993,51.999,1
14,2,-1,356.1,100.32,2
14,3,-1,426.69,104.49,3
14,4,-1,229.56,92.621,4
14,5,-1,194.01,210.26,5
14,6,-1,123.72,140.81,6
14,7,-1,276.47,361.99,7
14,8,-1,188.22,255.81,8
14,9,-1,374.97,279.56,9
14,10,-1,210.13,216.38,10
14,11,-1,414.8,90.714,11
14,12,-1,145.85,326.29,12
14,13,-1,184.91,231.65,13
14,14,-1,214.83,79.726,14
14,15,-1,363.75,265.93,15
14,16,-1,285.84,348.03,16
14,17,-1,260.74,355.55,17
14,18,-1,362.39,293.03,18
14,19,-1,236.21,179.99,19
14,20,1,277.85,334.03,20
14,21,1,195.55,195.18,21
14,22,1,206.99,202.25,22
14,23,-1,348.95,84.774,23
14,24,-1,175.77,262,24
14,25,-1,389.25,287.96,25
14,26,-1,173.96,247,26
14,27,-1,364.51,87.423,27
14,28,-1,113,132.98,28
14,29,-1,254.88,342.53,29
14,30,-1,169.49,233.62,30
14,31,-1,180.98,200.26,31
14,32,-1,383.35,297.67,32
14,33,-1,264.39,371.89,33
14,34,-1,356.74,278.48,34
14,35,-1,202.5,229.27,35
14,36,-1,203.74,252.17,36
14,37,-1,130.18,126.69,37
14,38,-1,368.46,111.34,38
14,39,-1,219.92,195.97,39
14,40,-1,230.68,76.673,40
14,41,-1,299.07,343.3,41
14,42,-1,159.95,337.72,42
14,43,-1,403.06,279.42,43
14,44,1,382.02,264.25,44
14,45,-1,265.5,328.68,45
14,46,-1,341.47,96.812,46
14,47,-1,182.01,216.83,47
14,48,-1,223.05,64.384,48
14,49,1,270.09,346.21,49
14,50,-1,390.55,272.85,50
14,51,-1,371.91,252,51
14,52,-1,378.34,83.615,52
14,53,-1,198.35,243.25,53
14,54,-1,252.15,367.06,54
15,1,1,52.993,51.999,1
15,2,-1,355.01,98.809,2
15,3,-1,425.7,103.12,3
15,4,-1,228.38,91.446,4
15,5,-1,192.98,209.13,5
15,6,-1,123.67,139.46,6
15,7,-1,274.08,360.6,7
15,8,-1,187.5,253.77,8
15,9,-1,373.29,278.63,9
15,10,-1,210.04,215.32,10
15,11,-1,413.33,89.249,11
15,12,-1,144.07,324.62,12
15,13,-1,181.62,225.75,13
15,14,-1,212.38,82.349,14
15,15,-1,362.76,264.14,15
15,16,-1,284.38,346.34,16
15,17,-1,258.54,354.66,17
15,18,-1,360.55,292.38,18
15,19,-1,236.03,178.74,19
15,20,-1,280.35,331.02,20
15,21,-1,193.07,193.04,21
15,22,-1,204.56,198.96,22
15,23,-1,347.68,82.969,23
15,24,-1,175.54,260.5,24
15,25,-1,388.12,287.08,25
15,26,-1,174.44,245.14,26
15,27,-1,363.96,85.243,27
15,28,-1,111.41,131.7,28
15,29,-1,252.73,341.47,29
15,30,-1,166.41,234.02,30
15,31,-1,180.54,200.53,31
15,32,-1,385.01,299.94,32
15,33,-1,262.92,370.47,33
15,34,-1,355.69,276.71,34
15,35,-1,205.96,230.1,35
15,36,-1,202.18,252.36,36
15,37,-1,128.86,125.6,37
15,38,-1,367.09,109.84,38
15,39,-1,220.16,196.19,39
15,40,-1,235.5,75.2,40
15,41,-1,298.37,342.46,41
15,42,-1,157.67,335.83,42
15,43,-1,401.77,279.86,43
15,44,-1,380.88,261.34,44
15,45,-1,264.78,328.06,45
15,46,-1,340.07,95.951,46
15,47,1,179.59,214.43,47
15,48,-1,223.59,68.081,48
15,49,-1,268.79,343.75,49
15,50,1,389.02,272.7,50
15,51,1,370.76,251.53,51
15,52,-1,375.96,83.514,52
15,53,1,196.32,242.56,53
15,54,1,250.15,368.22,54
15,55,1,139.74,139.81,55
15,56,1,206.29,187.86,56
15,57,-1,351.94,114.89,57
16,1,1,51.993,51.999,1
16,2,-1,354.71,99.766,2
16,3,-1,425.16,104.31,3
16,4,-1,229,92.581,4
16,5,-1,194.2,207.95,5
16,6,-1,122.48,140.28,6
16,7,-1,275.41,362.13,7
16,8,-1,186.92,255.55,8
16,9,-1,373.71,278.92,9
16,10,-1,209.88,215.45,10
16,11,-1,413.35,89.898,11
16,12,-1,143.72,326.23,12
16,13,-1,176.03,228.23,13
16,14,-1,211.84,88.113,14
16,15,-1,362.99,264.27,15
16,16,-1,286.03,349.03,16
16,17,-1,254.05,356.69,17
16,18,-1,361.81,294.14,18
16,19,-1,235.13,179.61,19
16,20,-1,277.55,335.22,20
16,21,1,196.27,192.19,21
16,22,1,207.35,200.96,22
16,23,-1,348.9,83.838,23
16,24,-1,174.43,262.42,24
16,25,-1,387.08,289.06,25
16,26,-1,173.34,246.41,26
16,27,-1,363,86.796,27
16,28,-1,110.46,133.31,28
16,29,-1,249.38,341.04,29
16,30,-1,163.23,235.47,30
16,31,-1,180.25,200.62,31
16,32,-1,382.46,302.41,32
16,33,-1,263.1,370.75,33
16,34,-1,355.02,278.55,34
16,35,-1,205.25,230.37,35
16,36,-1,202.45,254.06,36
16,37,-1,128.75,125.54,37
16,38,-1,366.96,110.75,38
16,39,-1,219.96,195.58,39
16,40,-1,234.21,75.796,40
16,41,-1,300.08,343.07,41
16,42,-1,158.98,337.13,42
16,43,-1,402.54,281.33,43
16,44,-1,379.58,258.82,44
16,45,-1,264.71,330.04,45
16,46,-1,340.2,97.466,46
16,47,1,178.7,215.17,47
16,48,-1,222.88,69.223,48
16,49,-1,265.55,346.85,49
16,50,1,390.06,276.06,50
16,51,-1,368.31,250.65,51
16,52,-1,377.43,85.346,52
16,53,1,196.08,243.21,53
16,54,1,249.6,368.58,54
16,55,-1,141.65,137.52,55
16,56,-1,213.26,185.05,56
16,57,-1,352.33,115.22,57
16,58,1,299.79,355.95,58
16,59,1,193.17,230.33,59
16,60,1,289.96,333.51,60
16,61,-1,347.71,289.46,61
16,62,-1,108.21,120.21,62
16,63,-1,222.96,205.3,63
17,1,1,51.993,51.999,1
17,2,-1,355.51,99.407,2
17,3,-1,425.94,104.78,3
17,4,-1,229.31,91.69,4
17,5,-1,194.67,206.26,5
17,6,-1,123.29,140.08,6
17,7,-1,275.98,361.4,7
17,8,-1,187.87,254.67,8
17,9,-1,373.9,278.13,9
17,10,-1,208.46,215.84,10
17,11,-1,413.82,89.585,11
17,12,-1,143.21,325.45,12
17,13,-1,173.82,229.51,13
17,14,-1,212.41,89.483,14
17,15,-1,361.02,264.39,15
17,16,-1,284.59,346.81,16
17,17,-1,253.69,356.46,17
17,18,-1,362.82,294.23,18
17,19,1,237.02,179.71,19
17,20,-1,277.24,333.07,20
17,21,-1,196.67,191.41,21
17,22,1,208.56,201.03,22
17,23,-1,350.83,83.339,23
17,24,-1,175.41,261.45,24
17,25,-1,386.22,288.86,25
17,26,-1,173.78,246.13,26
17,27,-1,365.3,85.652,27
17,28,-1,111.19,133.43,28
17,29,-1,250.99,342.32,29
17,30,-1,161.62,237.31,30
17,31,1,178.9,205.15,31
17,32,-1,386.79,303.26,32
17,33,-1,264.01,369.04,33
17,34,-1,356.1,279.01,34
17,35,-1,209.28,231.22,35
17,36,-1,204.03,254.01,36
17,37,-1,127.42,125.17,37
17,38,-1,370.32,107.3,38
17,39,-1,220.5,195.12,39
17,40,-1,236.96,76.838,40
17,41,-1,300.85,345.45,41
17,42,1,158.39,333.53,42
17,43,-1,402.75,283.2,43
17,44,-1,381.94,254.19,44
17,45,-1,263.45,329.02,45
17,46,-1,340.83,97.065,46
17,47,1,180.8,216.3,47
17,48,1,222.92,67.593,48
17,49,-1,264.84,345.06,49
17,50,1,392.22,275.21,50
17,51,-1,367.47,248.56,51
17,52,-1,374.04,93.333,52
17,53,1,197.67,241.13,53
17,54,-1,250.72,371.49,54
17,55,-1,136.87,141.54,55
17,56,-1,213.68,185.94,56
17,57,-1,352.03,115.77,57
17,58,1,292.91,356.19,58
17,59,-1,193.75,228.57,59
17,60,-1,295.09,333.63,60
17,61,-1,346.85,290.26,61
17,62,-1,109.8,120.86,62
17,63,1,221.39,209.25,63
17,64,1,192.94,218.55,64
17,65,1,375.71,297.84,65
17,66,-1,274.86,380.42,66
18,1,1,51.993,51.999,1
18,2,-1,356.61,100.59,2
18,3,-1,426.1,105.61,3
18,4,-1,229.82,93.727,4
18,5,-1,196.84,206.9,5
18,6,-1,123.74,142.44,6
18,7,-1,276.43,362.75,7
18,8,-1,188.09,255.68,8
18,9,-1,374.36,278.96,9
18,10,-1,210.88,216.95,10
18,11,-1,414.53,90.98,11
18,12,-1,144.22,326.5,12
18,13,-1,173.35,230.88,13
18,14,-1,213.65,91.789,14
18,15,-1,362.1,265.35,15
18,16,-1,285.47,349.69,16
18,17,-1,254.11,357.9,17
18,18,-1,363.85,294.81,18
18,19,-1,236.98,178.49,19
18,20,1,276.78,335.85,20
18,21,-1,196.24,190.16,21
18,22,1,209.29,200.57,22
18,23,-1,351.31,83.22,23
18,24,-1,176.32,263.03,24
18,25,-1,386.4,291.25,25
18,26,-1,174.69,247.45,26
18,27,-1,365.97,86.483,27
18,28,-1,110.34,136.12,28
18,29,-1,252.56,342.06,29
18,30,-1,161.37,237.82,30
18,31,-1,175.1,207.87,31
18,32,-1,386.99,304.94,32
18,33,-1,265.08,373.46,33
18,34,-1,356.22,280.72,34
18,35,-1,213.46,232.54,35
18,36,-1,205.94,256.13,36
18,37,-1,128.82,126.69,37
18,38,-1,369.73,109.48,38
18,39,-1,222.6,197.47,39
18,40,-1,235.34,78.486,40
18,41,-1,302.02,346.78,41
18,42,-1,159.22,337.42,42
18,43,-1,402.47,286.67,43
18,44,-1,384.32,254.8,44
18,45,-1,264.32,330.22,45
18,46,-1,342.25,98.214,46
18,47,-1,180.17,217.53,47
18,48,-1,225,69.385,48
18,49,-1,266.83,347.58,49
18,50,1,391.3,278.87,50
18,51,-1,362.52,249.76,51
18,52,-1,374.36,96.04,52
18,53,-1,196.1,242.24,53
18,54,-1,253.02,373.46,54
18,55,-1,138,142.87,55
18,56,1,209.94,188.94,56
18,57,-1,354.99,117.08,57
18,58,-1,293.12,361.92,58
18,59,1,198.34,230.3,59
18,60,1,289.9,335.61,60
18,61,1,349.21,292.75,61
18,62,-1,112.89,121.74,62
18,63,-1,226.66,207.18,63
18,64,1,193.95,220.03,64
18,65,1,374.87,299.78,65
18,66,1,278.77,375.15,66
18,67,1,217.71,247.96,67
18,68,-1,163.98,255.93,68
18,69,-1,211.53,79.826,69
18,70,-1,184.79,235.14,70
18,71,-1,341.02,87.265,71
18,72,-1,389.13,265.28,72
19,1,1,51.993,51.999,1
19,2,-1,356.72,98.322,2
19,3,-1,426.61,103.9,3
19,4,-1,229.61,92.019,4
19,5,-1,197.56,203.39,5
19,6,-1,121.88,139.24,6
19,7,-1,274.94,362.57,7
19,8,-1,187.72,255.07,8
19,9,-1,374.44,277.16,9
19,10,-1,210.01,215.13,10
19,11,-1,413.81,89.698,11
19,12,-1,143.87,324.56,12
19,13,-1,173.54,229.3,13
19,14,-1,212.12,90.398,14
19,15,-1,360.83,264.59,15
19,16,-1,288.76,353.01,16
19,17,-1,252.83,355.69,17
19,18,-1,363.64,292.07,18
19,19,1,237.92,180.05,19
19,20,-1,277.28,343.74,20
19,21,-1,196.47,189.51,21
19,22,1,212.05,200.65,22
19,23,-1,351.33,81.721,23
19,24,-1,176.53,260.96,24
19,25,-1,385.94,289.39,25
19,26,-1,173.11,246.53,26
19,27,-1,366.51,84.528,27
19,28,-1,108.78,133.7,28
19,29,-1,252.2,340.27,29
19,30,-1,160.18,236.79,30
19,31,-1,171.64,206.93,31
19,32,-1,386.93,304.17,32
19,33,-1,269.15,378.45,33
19,34,-1,355.6,279.07,34
19,35,-1,212.5,231.21,35
19,36,-1,208.4,256.16,36
19,37,-1,130.73,124.53,37
19,38,-1,369.8,109.26,38
19,39,-1,223.92,196.43,39
19,40,-1,247.92,76.067,40
19,41,-1,301.53,344.91,41
19,42,-1,160.54,338.43,42
19,43,-1,402.75,284.48,43
19,44,-1,384.05,253.25,44
19,45,-1,262.19,325.8,45
19,46,-1,341.85,96.92,46
19,47,-1,178.87,213.65,47
19,48,1,224.09,67.737,48
19,49,-1,265.83,345.77,49
19,50,1,391.82,276.83,50
19,51,-1,360.34,249.03,51
19,52,-1,372.93,93.945,52
19,53,-1,195.24,239.06,53
19,54,-1,256.5,372.69,54
19,55,-1,136.72,139.91,55
19,56,1,209.41,185.27,56
19,57,-1,356.39,115.83,57
19,58,1,292.73,367.76,58
19,59,-1,198.3,229.22,59
19,60,-1,276.76,329.23,60
19,61,1,350.46,292.68,61
19,62,1,116.93,122.89,62
19,63,-1,220.47,209.85,63
19,64,1,192.67,215.19,64
19,65,1,374.62,298.98,65
19,66,1,280.81,375.31,66
19,67,-1,212.35,244.31,67
19,68,-1,165.52,255.34,68
19,69,-1,210.86,77.986,69
19,70,1,185.32,235.87,70
19,71,-1,338.9,80.532,71
19,72,-1,389.96,265.64,72
19,73,1,405.03,272.21,73
19,74,1,245.31,365.85,74
19,75,1,184.94,198,75
19,76,-1,146.57,341.69,76
19,77,-1,370.34,248.27,77
19,78,-1,120.44,150.75,78
20,1,1,51.993,51.999,1
20,2,-1,357.18,97.847,2
20,3,-1,426.35,103.29,3
20,4,-1,229.67,90.364,4
20,5,-1,198.39,201.29,5
20,6,-1,121.95,137.36,6
20,7,-1,275.88,361.59,7
20,8,-1,187.14,255.85,8
20,9,-1,374.48,276.88,9
20,10,-1,210.1,214.73,10
20,11,-1,414.49,88.386,11
20,12,-1,145.12,323.33,12
20,13,-1,174.85,227.45,13
20,14,-1,212.75,89.658,14
20,15,-1,362.56,264.21,15
20,16,-1,288.43,351.45,16
20,17,-1,251.38,352.61,17
20,18,-1,363.5,291.14,18
20,19,1,236.67,178.39,19
20,20,1,289.03,336.32,20
20,21,1,192.86,187.46,21
20,22,1,211.38,198.23,22
20,23,-1,351.23,80.402,23
20,24,-1,175.98,260.21,24
20,25,-1,386.83,288.18,25
20,26,-1,175.54,244.34,26
20,27,-1,366.72,83.48,27
20,28,-1,107.54,132.44,28
20,29,-1,251.59,338.62,29
20,30,-1,162.02,235.77,30
20,31,-1,171.18,205.69,31
20,32,-1,386.02,302.99,32
20,33,-1,269.42,377.27,33
20,34,-1,354.97,278.6,34
20,35,-1,216.19,228.76,35
20,36,-1,211.58,253.94,36
20,37,-1,133.35,122.41,37
20,38,-1,370.21,107.39,38
20,39,1,226.22,196.1,39
20,40,1,249.18,74.983,40
20,41,-1,301.86,343.68,41
20,42,-1,159.12,335.44,42
20,43,-1,403.85,282.22,43
20,44,-1,385.5,250.99,44
20,45,-1,263.16,325.34,45
20,46,-1,342.45,95.805,46
20,47,1,179.12,215.37,47
20,48,1,226.5,64.033,48
20,49,1,391.39,275.78,50
20,50,-1,360.65,247.92,51
20,51,1,373.8,95.119,52
20,52,1,199.14,245.98,53
20,53,-1,258.84,370.54,54
20,54,-1,136.39,139.36,55
20,55,-1,208.84,184.3,56
20,56,-1,356.42,114.46,57
20,57,1,291.24,365.91,58
20,58,-1,200.29,231.32,59
20,59,-1,279.12,327.33,60
20,60,-1,350.94,290.94,61
20,61,-1,117.2,121.17,62
20,62,-1,223.41,209.51,63
20,63,1,375.13,297.14,65
20,64,1,281.57,376.98,66
20,65,1,220.68,243.36,67
20,66,1,164.38,253.73,68
20,67,1,216.1,75.294,69
20,68,1,188.76,235.43,70
20,69,-1,336.39,83.624,71
20,70,1,392.96,262.55,72
20,71,1,404.3,268.58,73
20,72,-1,245.71,365.78,74
20,73,1,183.75,195.36,75
20,74,-1,148.01,340.42,76
20,75,1,372.52,250.3,77
20,76,-1,119.42,148.59,78
20,77,1,365.94,122.44,79
20,78,1,346.95,108.25,80
20,79,1,202.94,78.05,81
20,80,1,219.49,179.59,82
20,81,1,361.12,304.98,83
20,82,1,303.93,357.56,84
20,83,-1,295.07,321.91,85
21,1,1,50.993,51.999,1
21,2,-1,355.61,97,2
21,3,-1,425.43,102.06,3
21,4,-1,228.19,90.725,4
21,5,-1,196.91,200.41,5
21,6,-1,119.87,136.66,6
21,7,-1,275.01,361.4,7
21,8,-1,185.71,255.36,8
21,9,-1,373.41,276.54,9
21,10,-1,209.22,212.29,10
21,11,-1,412.96,87.272,11
21,12,-1,143.15,322.43,12
21,13,-1,172.34,226.1,13
21,14,-1,211.29,88.968,14
21,15,-1,360.25,262.93,15
21,16,-1,286.46,349.38,16
21,17,-1,248.63,351.46,17
21,18,-1,362.43,290.57,18
21,19,-1,235.36,176.99,19
21,20,1,289.49,334.31,20
21,21,-1,189.19,186.05,21
21,22,-1,206.82,200.17,22
21,23,-1,350.01,79.641,23
21,24,-1,174.16,260.32,24
21,25,-1,385.5,287.87,25
21,26,-1,173.82,243.27,26
21,27,-1,364.82,83.542,27
21,28,-1,105.9,131.55,28
21,29,-1,248.52,336.38,29
21,30,-1,159.77,235.71,30
21,31,-1,169.06,204.57,31
21,32,-1,384.97,303.1,32
21,33,-1,268.08,376.68,33
21,34,-1,354.87,278.32,34
21,35,-1,216.67,228.44,35
21,36,-1,210.69,252.48,36
21,37,-1,129.71,123.9,37
21,38,-1,369.6,106.67,38
21,39,1,224.47,195.32,39
21,40,-1,247.75,72.887,40
21,41,-1,300.27,342.06,41
21,42,-1,157.95,333.33,42
21,43,-1,402.65,280.82,43
21,44,-1,384.42,249.88,44
21,45,-1,262.7,324.66,45
21,46,-1,340.99,94.089,46
21,47,1,178.94,214.92,47
21,48,-1,226.02,62.35,48
21,49,1,389.34,274.88,50
21,50,-1,357.3,247.95,51
21,51,-1,373.21,92.075,52
21,52,-1,195.85,242.82,53
21,53,-1,253.94,375.48,54
21,54,-1,134.51,139.66,55
21,55,-1,206.5,180.94,56
21,56,-1,354.79,114.22,57
21,57,1,290.03,364.59,58
21,58,-1,198.04,230.99,59
21,59,-1,277.08,325.03,60
21,60,-1,349.7,290.77,61
21,61,-1,115.81,119.55,62
21,62,-1,224.81,214.76,63
21,63,-1,373.06,295.84,65
21,64,1,280.79,375.69,66
21,65,-1,219.5,240.51,67
21,66,-1,161.82,252.58,68
21,67,-1,223.45,73.605,69
21,68,-1,185.41,237.17,70
21,69,-1,335.15,81.721,71
21,70,-1,392.24,261.39,72
21,71,1,400.96,266.65,73
21,72,-1,245.07,363.77,74
21,73,1,178.49,195.64,75
21,74,-1,147.29,339.77,76
21,75,-1,369.19,246.95,77
21,76,-1,122.15,151.13,78
21,77,1,363.48,120.96,79
21,78,-1,343.66,108.65,80
21,79,1,201.91,76.936,81
21,80,1,216.06,185.2,82
21,81,-1,358.1,303.46,83
21,82,-1,301.19,355.94,84
21,83,1,289.01,319.63,85
21,84,1,235.87,75.476,86
21,85,1,298.02,327.73,87
21,86,1,261.08,361.46,88
21,87,1,378.05,261.48,89
21,88,-1,405.86,295.52,90
21,89,-1,199.18,254.87,91
22,1,1,50.993,51.999,1
22,2,-1,354.66,100.36,2
22,3,-1,424.54,105.19,3
22,4,-1,228.26,93.064,4
22,5,-1,196.96,203.22,5
22,6,-1,119.72,139.22,6
22,7,-1,275.06,365.19,7
22,8,-1,186.06,258.92,8
22,9,-1,372.8,279.69,9
22,10,-1,208.81,214.98,10
22,11,-1,412.66,89.687,11
22,12,-1,142.66,324.39,12
22,13,-1,172.65,228.26,13
22,14,-1,211.34,91.453,14
22,15,-1,357.99,266.24,15
22,16,-1,285.71,351.73,16
22,17,-1,246.2,352.58,17
22,18,-1,361.32,293.16,18
22,19,-1,236.07,179.28,19
22,20,1,289.68,335.02,20
22,21,-1,189.05,189.72,21
22,22,1,209.48,200.26,22
22,23,-1,349.73,80.072,23
22,24,-1,173,261.71,24
22,25,-1,386.43,290.15,25
22,26,-1,173.65,246.2,26
22,27,1,363.32,86.69,27
22,28,-1,104.43,134.46,28
22,29,-1,249.46,338.35,29
22,30,-1,159.87,238.23,30
22,31,-1,168.89,206.1,31
22,32,-1,383.91,305.36,32
22,33,-1,268.74,380.44,33
22,34,1,354.61,281.01,34
22,35,-1,216.36,231.15,35
22,36,-1,210.92,254.22,36
22,37,-1,129.25,125.55,37
22,38,-1,369.82,108.07,38
22,39,-1,227.57,198.83,39
22,40,-1,247.63,76.628,40
22,41,-1,299.53,344.11,41
22,42,-1,158.51,335.47,42
22,43,-1,402.23,283.69,43
22,44,-1,384.74,250.92,44
22,45,-1,261.18,327.06,45
22,46,-1,341.28,95.772,46
22,47,1,179.69,214.34,47
22,48,-1,222.16,63.694,48
22,49,-1,389.69,276.05,50
22,50,1,358.17,250.97,51
22,51,-1,373.52,93.505,52
22,52,-1,198.39,247.57,53
22,53,-1,253.95,377.5,54
22,54,-1,134.25,141.57,55
22,55,-1,206.02,182.87,56
22,56,-1,353.6,121.79,57
22,57,1,291.61,367.14,58
22,58,1,196.73,234.67,59
22,59,-1,277.12,325.99,60
22,60,1,346.43,293.27,61
22,61,-1,115.27,122.25,62
22,62,-1,224.82,218.81,63
22,63,-1,373.6,298.7,65
22,64,1,282.38,377.15,66
22,65,1,220.92,243.46,67
22,66,-1,162,256.42,68
22,67,1,225.7,78.009,69
22,68,1,186.06,243.7,70
22,69,-1,334.81,83.591,71
22,70,1,392.77,261.99,72
22,71,1,403.27,269.71,73
22,72,-1,243.94,367.7,74
22,73,-1,174.88,194.54,75
22,74,-1,146.34,342.33,76
22,75,1,369.76,254.45,77
22,76,-1,123.54,153.37,78
22,77,1,365.67,123.46,79
22,78,-1,344.28,113,80
22,79,1,201.08,79.56,81
22,80,1,218.14,188.67,82
22,81,-1,358.81,307.7,83
22,82,1,299.69,356.94,84
22,83,-1,286.76,319.88,85
22,84,1,237.27,78.545,86
22,85,1,301.48,329.99,87
22,86,1,261.75,365.54,88
22,87,1,377.68,260.9,89
22,88,1,407.45,297.16,90
22,89,1,197.71,260.72,91
22,90,1,164.73,217.81,92
22,91,1,262.81,353.62,93
22,92,1,369.38,77,94
22,93,1,214.02,76.548,95
22,94,1,341.56,282.11,96
22,95,-1,141.6,130.44,97
23,1,1,50.993,51.999,1
23,2,-1,356.02,99.383,2
23,3,-1,426.5,103.66,3
23,4,-1,229.39,92.709,4
23,5,-1,197.27,201.3,5
23,6,-1,120.84,137.48,6
23,7,-1,276.93,365.34,7
23,8,-1,188.29,258.35,8
23,9,-1,374.52,278.73,9
23,10,-1,210.49,213.47,10
23,11,-1,413.85,88.861,11
23,12,-1,144.47,322.78,12
23,13,-1,173.62,227.36,13
23,14,-1,212.83,93.696,14
23,15,-1,359.81,265.54,15
23,16,-1,288.52,351.66,16
23,17,-1,247.75,351.65,17
23,18,-1,361.98,293.3,18
23,19,-1,237.03,178.28,19
23,20,-1,291.21,332.18,20
23,21,-1,189.34,187.95,21
23,22,1,209.82,198.69,22
23,23,-1,351.83,79.965,23
23,24,-1,174.61,261.1,24
23,25,-1,387.87,288.34,25
23,26,-1,174.5,245.59,26
23,27,1,365.39,85.893,27
23,28,-1,105.88,133.88,28
23,29,-1,250.17,336.55,29
23,30,-1,160.47,237.22,30
23,31,-1,169.16,204.04,31
23,32,-1,385.89,303.89,32
23,33,-1,270.12,380.28,33
23,34,-1,354.81,280.37,34
23,35,-1,218.12,229.57,35
23,36,-1,213.36,253.34,36
23,37,-1,130.34,124.36,37
23,38,-1,371.72,106.08,38
23,39,-1,230.55,199.35,39
23,40,-1,249.42,75.371,40
23,41,-1,301.86,342.82,41
23,42,-1,159.79,335.17,42
23,43,-1,405.77,282.68,43
23,44,-1,382.88,250.41,44
23,45,-1,262.79,325.69,45
23,46,-1,342.85,95.167,46
23,47,-1,179.26,214.24,47
23,48,-1,225.71,65.491,48
23,49,-1,392.23,274.42,50
23,50,-1,358.83,249.56,51
23,51,-1,376.47,91.264,52
23,52,1,200.82,246.64,53
23,53,-1,255.37,375.85,54
23,54,-1,135.99,140.56,55
23,55,-1,208.39,182.26,56
23,56,-1,354.43,123.6,57
23,57,1,292.93,366.71,58
23,58,1,198.44,234.01,59
23,59,-1,278.71,325.04,60
23,60,1,349.13,292.37,61
23,61,-1,116.16,120.61,62
23,62,-1,225.5,216.9,63
23,63,1,374.56,296.22,65
23,64,1,285.89,377.23,66
23,65,-1,222.06,241.88,67
23,66,-1,162.79,256.36,68
23,67,1,227.43,77.338,69
23,68,1,186.73,242.77,70
23,69,-1,336.7,81.757,71
23,70,-1,394.75,260.36,72
23,71,-1,408.16,268.59,73
23,72,-1,243.98,366.84,74
23,73,-1,175.81,190.07,75
23,74,-1,147.58,341.29,76
23,75,-1,371.27,254.86,77
23,76,-1,124.37,152.88,78
23,77,1,367.27,121.05,79
23,78,-1,346.05,113.16,80
23,79,1,201.75,77.073,81
23,80,-1,361.03,307.77,83
23,81,1,302.79,355.91,84
23,82,-1,293.52,319.3,85
23,83,1,238.07,75.602,86
23,84,1,305.1,329.12,87
23,85,1,262.37,366.56,88
23,86,-1,379.72,262.61,89
23,87,-1,410.05,296.99,90
23,88,1,202.26,261.71,91
23,89,1,164.82,216.28,92
23,90,1,263.24,353.37,93
23,91,-1,372.72,74.017,94
23,92,1,216.08,78.11,95
23,93,-1,344.23,279.21,96
23,94,1,143.48,131.04,97
23,95,1,399.87,298.91,98
23,96,-1,357.58,235.73,99
24,1,1,50.993,51.999,1
24,2,-1,355.51,100.39,2
24,3,-1,426.32,103.3,3
24,4,-1,230.11,92.758,4
24,5,1,196.61,200.83,5
24,6,-1,120.6,137.09,6
24,7,-1,276.21,365.4,7
24,8,-1,187.73,258.19,8
24,9,-1,373.25,278.86,9
24,10,-1,210.64,212.79,10
24,11,-1,413.97,88.436,11
24,12,-1,144.34,322.52,12
24,13,-1,172.12,227.1,13
24,14,-1,212.33,93.236,14
24,15,-1,360.11,265.53,15
24,16,-1,289.52,353.52,16
24,17,-1,245.55,349.84,17
24,18,-1,361.18,292.93,18
24,19,-1,236.01,177.51,19
24,20,-1,291.7,326.56,20
24,21,-1,188.47,188.01,21
24,22,1,209.49,198.29,22
24,23,-1,352.38,77.863,23
24,24,-1,174.73,260.94,24
24,25,-1,388.63,287.67,25
24,26,-1,174.42,244.98,26
24,27,-1,365.03,86.028,27
24,28,-1,106.12,134.43,28
24,29,-1,248.72,335.07,29
24,30,-1,159.68,237.59,30
24,31,-1,168.95,203.01,31
24,32,-1,384.39,303.46,32
24,33,-1,269.41,380.67,33
24,34,-1,354.66,278.53,34
24,35,-1,217.29,228.85,35
24,36,-1,213.73,252.63,36
24,37,-1,131.01,123.48,37
24,38,-1,371.95,104.73,38
24,39,1,231.5,200.05,39
24,40,-1,250.57,74.712,40
24,41,-1,298.45,340.84,41
24,42,-1,159.86,333.8,42
24,43,-1,406.39,282.24,43
24,44,-1,384.29,250.81,44
24,45,-1,262.6,326.41,45
24,46,-1,341.3,96.458,46
24,47,-1,219.18,65.447,48
24,48,-1,392.49,273.95,50
24,49,-1,356.85,249.55,51
24,50,-1,377.45,90.579,52
24,51,1,200.33,246.98,53
24,52,-1,253.96,376.32,54
24,53,-1,135.26,140.51,55
24,54,-1,208.28,182.13,56
24,55,-1,354.34,123.25,57
24,56,1,292.86,367.92,58
24,57,-1,199.11,232.63,59
24,58,1,278.48,326.02,60
24,59,1,347.76,291.64,61
24,60,-1,115.77,120.24,62
24,61,-1,225.28,215.86,63
24,62,1,375.21,296.01,65
24,63,-1,284.49,379.57,66
24,64,-1,222.71,241.01,67
24,65,-1,163.65,256.95,68
24,66,1,226.97,78.267,69
24,67,1,188.56,244.78,70
24,68,-1,338.56,83.444,71
24,69,-1,395.33,258.75,72
24,70,-1,408.42,267.99,73
24,71,-1,243.74,366.09,74
24,72,-1,175.16,191.27,75
24,73,-1,148.89,342.72,76
24,74,1,368.12,253.75,77
24,75,-1,124.05,152.68,78
24,76,1,366.14,121.57,79
24,77,-1,345.82,113.55,80
24,78,-1,201.31,74.203,81
24,79,-1,361.25,307.9,83
24,80,-1,304.57,359.33,84
24,81,1,296.46,315.26,85
24,82,1,240.64,77.907,86
24,83,1,305.91,328.77,87
24,84,1,261.5,369,88
24,85,1,410.46,296.71,90
24,86,1,201.58,261.51,91
24,87,1,164.33,215.84,92
24,88,-1,262.54,353.26,93
24,89,-1,372.66,74.856,94
24,90,1,213.39,79.555,95
24,91,1,341.61,280.49,96
24,92,-1,145.59,130.93,97
24,93,1,400.09,298.05,98
24,94,-1,356.58,237.07,99
24,95,1,282.82,338.38,100
24,96,1,170.04,344.77,101
24,97,1,269.02,340.08,102
24,98,1,209.29,237.22,103
24,99,1,277.35,390.65,104
24,100,-1,141.01,115.79,105
24,101,-1,233.53,224.68,106
25,1,1,50.993,51.999,1
25,2,-1,355.02,98.839,2
25,3,-1,425.96,104.04,3
25,4,-1,229.8,93.343,4
25,5,1,196.03,199.58,5
25,6,-1,120.48,137.18,6
25,7,-1,276.75,365.81,7
25,8,-1,187.07,258.85,8
25,9,-1,372.44,281.14,9
25,10,-1,209.62,213.59,10
25,11,-1,413.65,88.704,11
25,12,-1,143.67,322.38,12
25,13,-1,173.26,226.7,13
25,14,-1,211.65,94.368,14
25,15,-1,354.25,259.42,15
25,16,-1,291.18,355.82,16
25,17,-1,245.1,350.17,17
25,18,-1,359.71,294.64,18
25,19,-1,235.49,177.91,19
25,20,-1,290.33,328.35,20
25,21,1,187.16,183.71,21
25,22,1,206.84,197.97,22
25,23,-1,352.46,76.206,23
25,24,-1,173.75,261.76,24
25,25,-1,387.58,289.11,25
25,26,-1,173.37,245.75,26
25,27,-1,363.76,84.795,27
25,28,-1,105.6,134.98,28
25,29,-1,247.35,334.92,29
25,30,-1,159.64,236.09,30
25,31,-1,165.72,204.3,31
25,32,-1,384.79,305.52,32
25,33,-1,268.49,380.97,33
25,34,-1,357.57,273.83,34
25,35,-1,217.39,228.67,35
25,36,-1,213.35,253.27,36
25,37,-1,130.42,123.99,37
25,38,-1,371.31,104.4,38
25,39,-1,232.2,200.24,39
25,40,-1,250.56,76.743,40
25,41,-1,296.49,342.37,41
25,42,-1,158.24,333.87,42
25,43,-1,405.43,281.74,43
25,44,-1,383.99,248.91,44
25,45,-1,261.54,326.5,45
25,46,-1,339.11,99.444,46
25,47,-1,217.89,66.106,48
25,48,-1,392.23,274.73,50
25,49,-1,357.39,245.16,51
25,50,1,376.35,91.523,52
25,51,-1,199.82,246.94,53
25,52,-1,253.03,377,54
25,53,-1,134.76,140.35,55
25,54,-1,207.67,181.73,56
25,55,-1,353.66,123.36,57
25,56,1,292.51,368.92,58
25,57,-1,197.86,232.12,59
25,58,-1,277.73,325.03,60
25,59,1,350.11,286.87,61
25,60,-1,115,119.97,62
25,61,-1,225.37,216.23,63
25,62,1,373.4,298.22,65
25,63,-1,284.93,380.68,66
25,64,-1,222.69,242.2,67
25,65,-1,161.54,254.41,68
25,66,-1,226.63,79.06,69
25,67,1,189.06,244.45,70
25,68,1,339.55,86.737,71
25,69,-1,395.14,258.17,72
25,70,-1,408.14,268.37,73
25,71,-1,241.95,365.98,74
25,72,-1,173.81,192.15,75
25,73,-1,147.97,343.47,76
25,74,1,366.6,251.95,77
25,75,-1,123.97,152.97,78
25,76,1,365.28,123.05,79
25,77,-1,345.13,113.65,80
25,78,-1,200.15,74.128,81
25,79,-1,360.06,310.97,83
25,80,-1,306.53,361.91,84
25,81,-1,298.85,317.15,85
25,82,1,240.91,78.573,86
25,83,1,303.47,330.44,87
25,84,1,262.88,369.52,88
25,85,-1,413.68,293.01,90
25,86,1,200.55,261.3,91
25,87,1,162.17,216.81,92
25,88,-1,261.97,353.33,93
25,89,-1,377.41,77.387,94
25,90,1,213.45,79.983,95
25,91,-1,343.04,273.81,96
25,92,-1,144.71,130.4,97
25,93,1,399.99,297.13,98
25,94,1,367.82,239.75,99
25,95,-1,281.73,338.69,100
25,96,1,168,345,101
25,97,1,268.25,340.25,102
25,98,1,208.35,237.54,103
25,99,1,277.21,392.55,104
25,100,1,138.52,116.05,105
25,101,1,233.95,226.42,106
25,102,1,218.94,193.43,107
25,103,1,135.23,154.37,108
25,104,-1,276.71,349.66,109
26,1,1,49.993,51.999,1
26,2,-1,357.02,98.355,2
26,3,-1,427.63,104.04,3
26,4,-1,231.2,93.406,4
26,5,1,195.61,196.57,5
26,6,-1,122.5,137.81,6
26,7,-1,279.35,365.98,7
26,8,-1,188.2,259.26,8
26,9,-1,373.59,280.47,9
26,10,-1,212.01,213.83,10
26,11,-1,415.04,88.525,11
26,12,-1,144.67,321.5,12
26,13,-1,174.95,227.18,13
26,14,-1,212.6,95.246,14
26,15,-1,352.77,258.41,15
26,16,-1,294.95,357.2,16
26,17,-1,245.84,349.94,17
26,18,-1,361.31,294.73,18
26,19,-1,237.28,178.17,19
26,20,-1,291.43,328.71,20
26,21,-1,210.44,197.79,22
26,22,-1,354.47,76.198,23
26,23,-1,175.29,261.76,24
26,24,-1,389.34,289.28,25
26,25,-1,174.78,245.51,26
26,26,-1,366.54,83.208,27
26,27,-1,107.23,135.4,28
26,28,-1,249.67,335.52,29
26,29,-1,162.03,235.59,30
26,30,-1,167.49,203.77,31
26,31,-1,386.25,305.84,32
26,32,-1,270.94,381.31,33
26,33,-1,356.74,276.84,34
26,34,-1,220.51,229.24,35
26,35,-1,214.85,253.23,36
26,36,-1,132.07,123.52,37
26,37,-1,373.8,105.49,38
26,38,-1,234.48,202.01,39
26,39,-1,252.12,76.255,40
26,40,-1,297.51,343.26,41
26,41,-1,160.4,333.79,42
26,42,-1,406.06,280.98,43
26,43,-1,384.42,249.52,44
26,44,-1,264.18,325.92,45
26,45,-1,340.94,99.352,46
26,46,-1,218.23,66.874,48
26,47,-1,391.21,274.8,50
26,48,-1,358.06,242.72,51
26,49,-1,381.07,92.564,52
26,50,-1,201,246.94,53
26,51,-1,253.85,377.05,54
26,52,-1,136.58,141.29,55
26,53,-1,208.15,181.34,56
26,54,-1,355.25,123.84,57
26,55,-1,294.59,369.93,58
26,56,-1,199.59,231.86,59
26,57,1,280.44,324.23,60
26,58,1,349.11,288.81,61
26,59,-1,115.96,120.85,62
26,60,1,227.34,216.2,63
26,61,1,375.73,297.65,65
26,62,1,287.17,381.29,66
26,63,-1,224.36,241.71,67
26,64,-1,163.35,255.05,68
26,65,-1,228.62,76.769,69
26,66,1,189.49,244.11,70
26,67,-1,340.49,86.036,71
26,68,-1,397.58,259.02,72
26,69,-1,410.38,267.68,73
26,70,-1,244.16,365.3,74
26,71,-1,173.46,190.74,75
26,72,-1,150.39,345.77,76
26,73,1,369.99,251.01,77
26,74,-1,125.7,153.51,78
26,75,1,369.79,119.57,79
26,76,-1,346.43,113.29,80
26,77,-1,201.87,73.505,81
26,78,-1,361.79,311.65,83
26,79,-1,309.51,362.04,84
26,80,-1,301,315.29,85
26,81,-1,236.59,69.475,86
26,82,-1,305.35,332.62,87
26,83,1,264.31,368.01,88
26,84,1,415.54,291.96,90
26,85,1,202.98,262.12,91
26,86,1,163.19,218.19,92
26,87,-1,264.11,353.93,93
26,88,-1,380.44,79.124,94
26,89,1,214.93,81.231,95
26,90,-1,343.54,274.08,96
26,91,-1,146.1,130.89,97
26,92,-1,400.49,296.82,98
26,93,1,372,239.47,99
26,94,-1,282.23,339.03,100
26,95,1,170.18,347.11,101
26,96,1,269.96,340.07,102
26,97,1,210.91,237.41,103
26,98,1,281.2,392.14,104
26,99,-1,142.96,116.15,105
26,100,-1,236.07,226.67,106
26,101,1,221.26,190.08,107
26,102,1,136.68,153.66,108
26,103,1,276.81,351.4,109
26,104,1,281.07,310.93,110
26,105,-1,142.77,337.69,111
27,1,1,48.993,51.999,1
27,2,-1,357.83,99.059,2
27,3,-1,427.67,105.38,3
27,4,-1,230.37,95.18,4
27,5,1,195.03,197.68,5
27,6,-1,122.17,138.63,6
27,7,-1,280.4,367.06,7
27,8,-1,188.67,260.69,8
27,9,-1,374.65,282.14,9
27,10,-1,212.95,214.43,10
27,11,-1,414.88,89.344,11
27,12,-1,143.8,323.65,12
27,13,-1,175.18,228.58,13
27,14,-1,213.69,96.688,14
27,15,-1,355.49,257.72,15
27,16,-1,297.13,359.39,16
27,17,-1,245.47,351.04,17
27,18,-1,360.62,294.84,18
27,19,-1,238.05,179.58,19
27,20,-1,292.13,329.42,20
27,21,1,211.01,196.93,22
27,22,-1,354.73,76.968,23
27,23,1,176.85,264.48,24
27,24,-1,390.01,291.14,25
27,25,-1,175.54,247.41,26
27,26,-1,367.29,84.633,27
27,27,-1,107.65,136.85,28
27,28,-1,249.79,336.34,29
27,29,-1,161.69,237.63,30
27,30,-1,166.01,201.33,31
27,31,-1,386.83,306.72,32
27,32,-1,271.75,382.32,33
27,33,-1,354.73,278.75,34
27,34,-1,220.43,229.89,35
27,35,-1,214.99,254.19,36
27,36,-1,132.82,125.12,37
27,37,-1,374.51,106.94,38
27,38,-1,235.35,202.22,39
27,39,-1,249.92,77.878,40
27,40,-1,297.44,345.26,41
27,41,-1,161.84,334.34,42
27,42,-1,406.69,281.94,43
27,43,-1,385.33,250.37,44
27,44,-1,263.79,326.83,45
27,45,-1,341.04,100.41,46
27,46,-1,218.91,66.863,48
27,47,-1,390.18,275.59,50
27,48,-1,359.03,242.65,51
27,49,-1,381.89,94.441,52
27,50,-1,201.03,248.63,53
27,51,-1,255.45,378.16,54
27,52,-1,137.25,141.9,55
27,53,-1,208.23,180.77,56
27,54,-1,355.43,125.39,57
27,55,1,294.8,373.01,58
27,56,1,199.51,234.49,59
27,57,-1,279.65,324.7,60
27,58,-1,347.58,289.73,61
27,59,-1,115.6,121.18,62
27,60,-1,230,215.93,63
27,61,-1,375.03,298.81,65
27,62,1,287.58,381.64,66
27,63,-1,226.02,242.88,67
27,64,-1,162.65,254.41,68
27,65,1,228.86,78.464,69
27,66,1,190.83,246.31,70
27,67,-1,339.61,86.246,71
27,68,-1,397.58,260.82,72
27,69,-1,411.43,268.69,73
27,70,-1,244.01,367.61,74
27,71,-1,174.77,189.77,75
27,72,-1,150.6,345.09,76
27,73,1,368.7,252.4,77
27,74,-1,125.55,154.88,78
27,75,1,369.01,122.35,79
27,76,-1,346.31,114.37,80
27,77,-1,202.04,73.992,81
27,78,-1,361.5,311.1,83
27,79,-1,310.46,364.66,84
27,80,-1,301.88,317.31,85
27,81,1,239.56,69.216,86
27,82,-1,305.28,333.83,87
27,83,1,265.24,369.11,88
27,84,1,416.1,292.73,90
27,85,1,204.71,263.43,91
27,86,-1,162.2,222.01,92
27,87,-1,264.9,355.27,93
27,88,1,381.06,82.096,94
27,89,-1,214.91,81.913,95
27,90,-1,348.01,269.02,96
27,91,-1,146.91,131.8,97
27,92,1,402.33,298.11,98
27,93,1,372.09,238.51,99
27,94,-1,281.57,339.25,100
27,95,1,169.6,347.83,101
27,96,1,269.28,341.13,102
27,97,1,211.47,239.29,103
27,98,1,281.66,393.4,104
27,99,-1,142.14,116.53,105
27,100,-1,236.54,228.15,106
27,101,1,221.07,179.57,107
27,102,-1,137.24,154.88,108
27,103,1,277.16,351.25,109
27,104,1,283.04,311.02,110
27,105,1,139.86,338.94,111
27,106,1,174.82,215.71,112
27,107,-1,365.24,268.75,113
28,1,1,46.993,51.999,1
28,2,-1,357.22,97.108,2
28,3,-1,427.28,104,3
28,4,-1,232.16,93.209,4
28,5,1,195.89,198,5
28,6,-1,122.03,138.3,6
28,7,-1,280.65,365.14,7
28,8,-1,187.97,259.14,8
28,9,-1,373.85,281.17,9
28,10,-1,212.6,211.42,10
28,11,-1,414.32,87.258,11
28,12,-1,144.58,322.6,12
28,13,-1,174.3,227.67,13
28,14,-1,213.03,94.872,14
28,15,-1,354.28,257.59,15
28,16,-1,296.64,358.01,16
28,17,-1,243.93,348.76,17
28,18,-1,361.84,292.82,18
28,19,-1,237.8,177.41,19
28,20,-1,292.32,329.53,20
28,21,-1,209.53,195.42,22
28,22,-1,354.1,74.603,23
28,23,1,175.79,262.9,24
28,24,-1,388.19,290.13,25
28,25,-1,174.99,245.67,26
28,26,-1,367.31,82.651,27
28,27,-1,107.48,134.7,28
28,28,-1,249.39,334.66,29
28,29,-1,160.87,235.72,30
28,30,-1,168.2,200.04,31
28,31,-1,386.2,305.96,32
28,32,-1,271.67,380.77,33
28,33,-1,356.17,278.45,34
28,34,-1,219.49,228.02,35
28,35,-1,215.01,252.76,36
28,36,-1,131.34,124.52,37
28,37,-1,374.28,105.57,38
28,38,-1,236.15,200.21,39
28,39,-1,253.21,76.106,40
28,40,-1,297.58,343.62,41
28,41,-1,161.9,331.52,42
28,42,-1,405.32,280.82,43
28,43,-1,383.98,250.99,44
28,44,-1,263.95,325.08,45
28,45,-1,341,98.404,46
28,46,-1,217.61,65.439,48
28,47,-1,390.31,275.51,50
28,48,-1,358.11,241.65,51
28,49,-1,384,93.555,52
28,50,-1,200.44,246.23,53
28,51,-1,255.01,376.79,54
28,52,-1,137.7,140.17,55
28,53,-1,207.78,176.67,56
28,54,-1,354.89,124.53,57
28,55,1,297.58,370.98,58
28,56,-1,198.47,231.39,59
28,57,-1,279.88,322.56,60
28,58,-1,347.21,291.4,61
28,59,-1,115.32,119.08,62
28,60,-1,228.67,213.89,63
28,61,1,374.73,298.42,65
28,62,1,288.02,381.57,66
28,63,-1,224.33,240.79,67
28,64,-1,163.29,254.89,68
28,65,-1,229.26,77.018,69
28,66,1,189.12,242.92,70
28,67,-1,339.67,83.741,71
28,68,-1,397.95,259.47,72
28,69,-1,412.73,268.75,73
28,70,-1,242.43,366.05,74
28,71,-1,174.07,187.5,75
28,72,-1,150.33,341.59,76
28,73,1,367.26,250.62,77
28,74,-1,125.84,154.82,78
28,75,1,370.31,120.35,79
28,76,-1,346.68,112.99,80
28,77,-1,201.2,72.686,81
28,78,-1,360.56,308.52,83
28,79,-1,310.66,363.16,84
28,80,-1,301.69,316.82,85
28,81,1,237.49,65.214,86
28,82,-1,306.09,331.81,87
28,83,1,265.37,368.54,88
28,84,-1,415.57,291.65,90
28,85,-1,202.39,261.46,91
28,86,1,160.36,219.32,92
28,87,-1,264.43,353.16,93
28,88,-1,380.8,80.64,94
28,89,-1,213.99,80.182,95
28,90,1,348.02,268.87,96
28,91,-1,146.66,128.82,97
28,92,-1,401.87,296.32,98
28,93,1,371.58,238.56,99
28,94,1,281.96,336.16,100
28,95,1,169.93,347.6,101
28,96,1,269,339.38,102
28,97,1,209,236.69,103
28,98,-1,282.74,392.69,104
28,99,-1,142.82,114.9,105
28,100,-1,235.73,226.35,106
28,101,1,219.26,172.9,107
28,102,1,137.4,154.65,108
28,103,1,278.51,349.5,109
28,104,1,282.25,308.84,110
28,105,1,138.32,336.33,111
28,106,1,172.31,214.87,112
28,107,-1,364.18,266.75,113
28,108,1,272.35,312.1,114
29,1,1,46.993,51.999,1
29,2,-1,356.65,98.17,2
29,3,-1,426.57,105.27,3
29,4,-1,230.36,94.748,4
29,5,1,193.4,198.56,5
29,6,-1,121.31,139.86,6
29,7,-1,279.89,366.09,7
29,8,-1,187.19,258.47,8
29,9,-1,371.85,282.21,9
29,10,-1,212.3,213.99,10
29,11,-1,413.83,88.747,11
29,12,-1,143.38,323.48,12
29,13,-1,172.07,227.74,13
29,14,-1,212.06,95.711,14
29,15,-1,353,257.33,15
29,16,-1,295.96,357.96,16
29,17,-1,243.06,350.28,17
29,18,-1,360.11,293.44,18
29,19,-1,236.71,178.27,19
29,20,-1,290.98,331.27,20
29,21,1,208.13,197.24,22
29,22,-1,353.79,74.537,23
29,23,1,175.9,263.47,24
29,24,-1,387.59,291.23,25
29,25,-1,173.57,246.13,26
29,26,-1,365.37,83.724,27
29,27,-1,106.47,135.44,28
29,28,-1,247.02,333.23,29
29,29,-1,159.12,237.16,30
29,30,-1,165.62,200.58,31
29,31,-1,385.54,307.11,32
29,32,-1,271.86,382.72,33
29,33,-1,354.41,278.64,34
29,34,-1,220.28,230.04,35
29,35,-1,213.57,253.47,36
29,36,-1,130.26,124.64,37
29,37,-1,373.19,107.06,38
29,38,-1,235.58,200.97,39
29,39,1,250.28,77.201,40
29,40,-1,294.61,345.12,41
29,41,-1,161.23,332.78,42
29,42,-1,404.82,281.67,43
29,43,1,383.32,251.41,44
29,44,-1,262.85,326.34,45
29,45,-1,341.31,99.075,46
29,46,-1,215.89,66.594,48
29,47,-1,388.04,275.67,50
29,48,-1,356.89,241.16,51
29,49,-1,382.47,95.45,52
29,50,1,199.32,248.28,53
29,51,-1,253.88,378.93,54
29,52,-1,136.64,140.96,55
29,53,1,206.4,178.77,56
29,54,-1,353.93,125.77,57
29,55,-1,294.61,372.2,58
29,56,-1,197,233.35,59
29,57,-1,279.22,323.38,60
29,58,-1,347.5,292.93,61
29,59,-1,113.84,120.14,62
29,60,-1,227.18,215.73,63
29,61,1,373.14,298.77,65
29,62,-1,287.69,382.08,66
29,63,-1,225.07,243.59,67
29,64,-1,160.62,255.12,68
29,65,-1,228.85,77.7,69
29,66,1,187.8,244.26,70
29,67,-1,338.04,84.472,71
29,68,1,396.49,260.86,72
29,69,-1,411.72,268.71,73
29,70,-1,241.28,366.75,74
29,71,-1,171.53,187.69,75
29,72,-1,149.88,342.31,76
29,73,-1,367.96,251.46,77
29,74,-1,124.89,156.87,78
29,75,-1,368.27,120.32,79
29,76,-1,347.18,113.13,80
29,77,-1,200.06,74.058,81
29,78,-1,358.2,309.57,83
29,79,-1,308.83,363.53,84
29,80,-1,300.71,318.78,85
29,81,1,237.5,67.886,86
29,82,-1,305.61,334.85,87
29,83,1,263.88,369.16,88
29,84,-1,415.75,290.76,90
29,85,1,201.96,262.9,91
29,86,1,157.49,220.59,92
29,87,-1,263.07,354.72,93
29,88,-1,378.84,82.93,94
29,89,-1,214.27,81.322,95
29,90,1,346.62,270.39,96
29,91,-1,145.97,129.39,97
29,92,-1,402.08,297.53,98
29,93,1,370.93,237.95,99
29,94,1,279.08,337.38,100
29,95,1,168.03,347.97,101
29,96,1,267.26,341,102
29,97,-1,282.5,393.53,104
29,98,-1,141.99,115.29,105
29,99,-1,236.09,227.58,106
29,100,1,218.41,176.79,107
29,101,-1,137.45,155.73,108
29,102,1,276.03,350.8,109
29,103,1,283,308,110
29,104,-1,134.44,337.05,111
29,105,1,171.55,215.01,112
29,106,-1,362.91,267.45,113
29,107,1,270.86,312.48,114
29,108,1,372.47,313.11,115
29,109,1,307.59,376.76,116
29,110,1,186.31,182.61,117
29,111,1,241.78,215.2,118
29,112,1,112.33,150.91,119
30,1,1,46.993,51.999,1
30,2,-1,356.89,96.293,2
30,3,-1,425.89,103.77,3
30,4,-1,230.3,93.253,4
30,5,-1,122.16,138.04,6
30,6,-1,279.89,364.25,7
30,7,-1,186.41,256.78,8
30,8,-1,371.79,280.21,9
30,9,1,211.56,211.14,10
30,10,-1,412.45,86.415,11
30,11,-1,143.26,321.03,12
30,12,-1,170.7,226.7,13
30,13,-1,212.57,94.311,14
30,14,-1,352.82,254.9,15
30,15,-1,295.45,356.56,16
30,16,-1,242.43,348.31,17
30,17,1,359.17,291.46,18
30,18,-1,236.74,176.02,19
30,19,-1,291.21,329.63,20
30,20,1,207.68,195.9,22
30,21,-1,353.48,72.238,23
30,22,1,175.87,260.76,24
30,23,-1,387.93,288.77,25
30,24,-1,173.09,244.72,26
30,25,-1,364.46,84.075,27
30,26,-1,106.75,132.78,28
30,27,1,247.72,333.1,29
30,28,-1,158.39,235.75,30
30,29,-1,164.67,199.39,31
30,30,-1,385.71,305.26,32
30,31,-1,271.7,381.47,33
30,32,-1,353.59,277.06,34
30,33,-1,218.92,228.25,35
30,34,-1,213.03,251.95,36
30,35,-1,129.78,122.04,37
30,36,-1,374.07,105.86,38
30,37,-1,235.43,198.65,39
30,38,-1,251.45,74.39,40
30,39,-1,295.23,343.62,41
30,40,-1,161.01,330.17,42
30,41,-1,404.55,279.49,43
30,42,-1,383.63,248.92,44
30,43,-1,262.87,323.79,45
30,44,-1,340.77,97.229,46
30,45,-1,215.17,64.575,48
30,46,-1,389.06,274.01,50
30,47,-1,355.65,239.63,51
30,48,-1,383.05,93.383,52
30,49,1,198.66,246.07,53
30,50,-1,253.58,377.88,54
30,51,-1,137.28,140.11,55
30,52,-1,206.09,173.35,56
30,53,-1,353.86,124.3,57
30,54,-1,295.06,369.57,58
30,55,-1,196.09,231.49,59
30,56,-1,279.16,321.02,60
30,57,-1,347.68,290.45,61
30,58,-1,113.09,116.5,62
30,59,-1,227.9,214.08,63
30,60,1,373.46,297.25,65
30,61,1,288.66,380.24,66
30,62,-1,224.54,241.78,67
30,63,-1,161.13,254.97,68
30,64,-1,228.35,75.837,69
30,65,1,188.23,240.91,70
30,66,-1,337.37,82.192,71
30,67,-1,397.17,258.11,72
30,68,-1,410.91,266.48,73
30,69,-1,240.76,364.73,74
30,70,-1,171.05,185.65,75
30,71,-1,149.12,340.61,76
30,72,-1,367.79,249.56,77
30,73,-1,124.73,155.83,78
30,74,1,368.66,119.44,79
30,75,-1,346.47,110.99,80
30,76,-1,199.95,70.907,81
30,77,-1,357.98,308.48,83
30,78,-1,308.95,361.05,84
30,79,-1,300.57,317.83,85
30,80,1,237.77,63.88,86
30,81,-1,306.13,335.3,87
30,82,1,264.28,368.16,88
30,83,-1,415.91,287.98,90
30,84,-1,200.09,260.55,91
30,85,-1,155.68,219.71,92
30,86,-1,262.74,354.07,93
30,87,-1,378.13,80.176,94
30,88,-1,213.76,79.099,95
30,89,-1,346.37,266.22,96
30,90,-1,144.73,126.85,97
30,91,-1,401.62,294.93,98
30,92,-1,371.12,236.83,99
30,93,1,278.77,335.43,100
30,94,1,160.26,346.73,101
30,95,1,266.24,339.81,102
30,96,-1,282.84,391.86,104
30,97,-1,141.75,112.33,105
30,98,-1,236.85,225.79,106
30,99,1,219.18,172.47,107
30,100,-1,137.67,154.78,108
30,101,1,274.8,348.5,109
30,102,1,282.09,307.18,110
30,103,1,135.21,334.38,111
30,104,1,170.52,213.49,112
30,105,-1,362.32,265.74,113
30,106,1,269.76,310.45,114
30,107,1,371.18,312.58,115
30,108,1,306.51,374.63,116
30,109,1,184.54,180.53,117
30,110,1,241.05,214.19,118
30,111,1,112.78,149.51,119
30,112,1,345.81,302.18,120
30,113,1,156.99,207.71,121
30,114,1,191.41,169.44,122
30,115,1,176.05,172.48,123
30,116,1,221.97,188.7,124
31,1,1,39.345,51.001,1
31,2,-1,339.89,88.715,2
31,3,-1,408.06,95.589,3
31,4,1,214.91,83.849,4
31,5,-1,105.25,129.95,6
31,6,-1,262.88,356.19,7
31,7,-1,169.63,248.97,8
31,8,-1,354.31,272.07,9
31,9,1,193.63,204.32,10
31,10,-1,395.19,77.926,11
31,11,-1,126.56,312.53,12
31,12,1,154.15,217.49,13
31,13,-1,192.97,86.659,14
31,14,1,335.06,247.09,15
31,15,-1,277.65,348.12,16
31,16,-1,224.36,339.57,17
31,17,1,342.09,282.95,18
31,18,-1,218.44,167.76,19
31,19,-1,273.8,321.92,20
31,20,-1,190.05,185.77,22
31,21,-1,336.71,65.362,23
31,22,1,156.09,252.07,24
31,23,-1,370.45,280.62,25
31,24,-1,155.5,236.46,26
31,25,1,346.51,75.739,27
31,26,-1,89.287,124.6,28
31,27,-1,229.77,324.07,29
31,28,-1,140.57,227.71,30
31,29,-1,147.79,190.51,31
31,30,-1,368.59,297.5,32
31,31,-1,255.02,373.76,33
31,32,-1,336.52,269.02,34
31,33,-1,202.63,220.16,35
31,34,-1,196.45,244.92,36
31,35,-1,112.59,113.52,37
31,36,-1,356.53,96.483,38
31,37,-1,216.84,189.63,39
31,38,-1,233.85,67.405,40
31,39,1,277.98,334.87,41
31,40,-1,142.66,322.88,42
31,41,-1,387.81,270.49,43
31,42,-1,367.33,239.43,44
31,43,-1,245.35,315.97,45
31,44,-1,322.39,89.373,46
31,45,-1,199.2,58.496,48
31,46,-1,371.39,265.91,50
31,47,-1,338.79,229.56,51
31,48,-1,367.29,84.914,52
31,49,-1,182.23,238.18,53
31,50,-1,236.22,370.35,54
31,51,-1,120.48,132.37,55
31,52,-1,188.21,163.29,56
31,53,-1,336.2,115.83,57
31,54,-1,278.25,361.58,58
31,55,1,178.16,224.06,59
31,56,-1,261.44,313.18,60
31,57,-1,330.23,283.03,61
31,58,-1,95.196,108.33,62
31,59,-1,209.43,205.75,63
31,60,1,356.51,288.47,65
31,61,-1,272.72,373.1,66
31,62,1,207.96,233.5,67
31,63,-1,141.53,245.72,68
31,64,1,171.05,234.51,70
31,65,-1,319.97,73.838,71
31,66,-1,379.57,249.53,72
31,67,-1,394.58,257.71,73
31,68,-1,222.89,356.55,74
31,69,-1,152.19,177.39,75
31,70,-1,132.36,334.44,76
31,71,-1,350.22,241.1,77
31,72,-1,107.03,147.89,78
31,73,-1,350.96,111.45,79
31,74,-1,329.74,102.61,80
31,75,-1,183.47,63.288,81
31,76,-1,340.07,299.39,83
31,77,-1,291.83,352.03,84
31,78,-1,283.79,309.54,85
31,79,1,220.91,57.739,86
31,80,-1,290.74,328.36,87
31,81,1,247.51,360.47,88
31,82,-1,398.66,279.78,90
31,83,-1,183.77,252.9,91
31,84,-1,137.85,211.75,92
31,85,-1,245.75,346.29,93
31,86,-1,359.08,72.962,94
31,87,-1,197.26,73,95
31,88,1,329.79,257.06,96
31,89,-1,128.27,119.22,97
31,90,-1,384.82,287.01,98
31,91,-1,353.08,227.02,99
31,92,1,262.36,326.42,100
31,93,1,148.52,337.51,101
31,94,-1,249.83,332.22,102
31,95,-1,266.09,384.31,104
31,96,-1,125.11,103.5,105
31,97,-1,219.6,217.66,106
31,98,1,201.9,162.98,107
31,99,-1,121.82,146.21,108
31,100,1,258.05,342.16,109
31,101,-1,265.13,296.74,110
31,102,1,117.49,326.19,111
31,103,1,151.88,204.92,112
31,104,-1,344.63,256.89,113
31,105,1,252.27,302.38,114
31,106,1,353.02,302.97,115
31,107,-1,289.72,367.93,116
31,108,-1,166.63,171.69,117
31,109,-1,224.22,203.86,118
31,110,1,94.306,141.19,119
31,111,1,326.32,293.44,120
31,112,1,137.95,200.48,121
31,113,1,172.5,159.76,122
31,114,1,158.34,163.71,123
32,1,1,46.993,51.999,1
32,2,-1,339.74,88.558,2
32,3,-1,407.46,95.144,3
32,4,1,212.97,85.41,4
32,5,-1,105.56,130,6
32,6,-1,263.38,356.05,7
32,7,-1,168.98,249.07,8
32,8,-1,354.56,272.19,9
32,9,1,194.93,200.12,10
32,10,-1,394.63,77.742,11
32,11,-1,126.48,312,12
32,12,1,153.81,218.34,13
32,13,1,193.23,86.263,14
32,14,-1,333.88,246.07,15
32,15,-1,277.76,347.97,16
32,16,-1,223.5,338.38,17
32,17,1,344.96,283.26,18
32,18,1,218.93,167.62,19
32,19,-1,274.05,321.24,20
32,20,-1,189.72,185.6,22
32,21,-1,336.62,65.249,23
32,22,1,158.91,252.14,24
32,23,-1,371.54,279.98,25
32,24,-1,155.75,236.05,26
32,25,1,346.8,75.707,27
32,26,-1,90.302,124.66,28
32,27,-1,228.84,322.66,29
32,28,-1,140.6,227.5,30
32,29,-1,147.61,191,31
32,30,-1,368.98,298.22,32
32,31,-1,255.38,374.17,33
32,32,-1,336.64,270.89,34
32,33,1,204.49,218.96,35
32,34,-1,196.63,245.59,36
32,35,-1,112.63,113.26,37
32,36,-1,356.49,95.462,38
32,37,-1,218.43,188.74,39
32,38,-1,234.3,69.466,40
32,39,1,279.24,334.75,41
32,40,-1,143.25,322.66,42
32,41,-1,388.04,270.66,43
32,42,-1,366.51,239.21,44
32,43,-1,245.82,315.14,45
32,44,-1,322.19,89.15,46
32,45,-1,198.94,58.517,48
32,46,-1,371.93,265.21,50
32,47,-1,338.18,230.07,51
32,48,-1,369.14,85.929,52
32,49,-1,182.35,238.1,53
32,50,-1,236.16,371.19,54
32,51,-1,120.18,132.97,55
32,52,-1,188.33,162.08,56
32,53,-1,337.23,115.72,57
32,54,-1,278.37,361.45,58
32,55,-1,180.49,223.79,59
32,56,-1,261.33,313.22,60
32,57,-1,330.42,283.3,61
32,58,-1,95.746,107.05,62
32,59,-1,210.25,205.91,63
32,60,-1,358.33,289,65
32,61,-1,273.08,373.28,66
32,62,-1,207.01,232.87,67
32,63,-1,142.63,246.14,68
32,64,1,170.84,236.26,70
32,65,-1,319.84,73.162,71
32,66,-1,379.56,248.97,72
32,67,-1,395.89,257.62,73
32,68,-1,222.89,356.4,74
32,69,-1,151.89,176.7,75
32,70,-1,131.92,334.52,76
32,71,-1,349.39,240.57,77
32,72,-1,107.82,148.3,78
32,73,-1,352.65,109.9,79
32,74,-1,329.5,102.93,80
32,75,-1,183.95,65.04,81
32,76,-1,340.28,297.99,83
32,77,-1,291.74,352.65,84
32,78,-1,283.14,309.01,85
32,79,-1,223.44,59.25,86
32,80,-1,292.88,329.89,87
32,81,1,247.7,357.96,88
32,82,-1,399.26,280.09,90
32,83,1,182.14,252.67,91
32,84,-1,136.32,211.78,92
32,85,-1,245.21,345.48,93
32,86,-1,358.63,73.697,94
32,87,1,197.81,74.601,95
32,88,1,329.36,259.27,96
32,89,-1,127.96,118.86,97
32,90,-1,386.58,287.31,98
32,91,-1,353.39,228.25,99
32,92,1,260.26,325.79,100
32,93,1,148.78,337.54,101
32,94,1,245.15,329.96,102
32,95,-1,267.46,385.4,104
32,96,-1,124.64,103.2,105
32,97,-1,219.56,217.16,106
32,98,-1,202.55,162.05,107
32,99,-1,120.97,148.05,108
32,100,1,259.26,340.02,109
32,101,-1,263.71,299.32,110
32,102,-1,117.13,325.54,111
32,103,1,152.49,205.29,112
32,104,-1,344.52,257.95,113
32,105,1,253.12,301.85,114
32,106,1,354.13,303.62,115
32,107,-1,290.51,367.33,116
32,108,-1,166.57,170.54,117
32,109,-1,224.45,203.55,118
32,110,1,94.522,142.34,119
32,111,-1,325.8,296.04,120
32,112,1,136.96,198.96,121
32,113,-1,172.12,156.68,122
32,114,1,155.92,162.37,123
33,1,1,46.993,51.999,1
33,2,-1,350.79,108.73,2
33,3,-1,415.14,112.26,3
33,4,1,224.59,110.98,4
33,5,-1,116.44,153.37,6
33,6,-1,268.31,361.98,7
33,7,-1,175.9,261.24,8
33,8,-1,361.71,275.29,9
33,9,1,201.62,210.9,10
33,10,-1,395.36,102.8,11
33,11,-1,132.02,313.49,12
33,12,1,160.51,232.81,13
33,13,1,203.38,115.54,14
33,14,-1,339.86,248.57,15
33,15,-1,278.74,352.63,16
33,16,-1,228.52,341.24,17
33,17,1,351.15,285.87,18
33,18,-1,224.7,168.94,19
33,19,-1,280.31,324.89,20
33,20,-1,197.62,197.74,22
33,21,-1,346.95,89.941,23
33,22,1,163.03,263.69,24
33,23,-1,377.28,283.42,25
33,24,-1,162.85,247.89,26
33,25,-1,100.07,148.81,28
33,26,-1,233.13,324.17,29
33,27,-1,146.88,239.94,30
33,28,-1,154.48,204.47,31
33,29,-1,375.22,300.78,32
33,30,-1,260.6,378.75,33
33,31,-1,343.11,275.22,34
33,32,1,214.61,232.16,35
33,33,-1,205.33,256.74,36
33,34,-1,122.83,136.69,37
33,35,-1,366.59,118.79,38
33,36,-1,224.95,197.91,39
33,37,-1,245.41,96.901,40
33,38,-1,288.27,337.9,41
33,39,-1,148.52,325.71,42
33,40,-1,394.43,273.5,43
33,41,-1,372.47,242.47,44
33,42,-1,251.91,318.21,45
33,43,-1,327.79,112.95,46
33,44,-1,209.15,85.986,48
33,45,-1,378.97,269.54,50
33,46,-1,344.51,233.06,51
33,47,-1,379.63,109.89,52
33,48,-1,190.27,248.77,53
33,49,-1,241.68,374.3,54
33,50,-1,131.12,157.21,55
33,51,-1,194.76,173.41,56
33,52,-1,345.81,136.43,57
33,53,-1,284.77,363.73,58
33,54,-1,188.61,234.72,59
33,55,-1,266.38,316.79,60
33,56,-1,335.68,287.82,61
33,57,-1,104.84,132.07,62
33,58,-1,218.46,215.9,63
33,59,-1,363.94,292.34,65
33,60,-1,279.7,376.24,66
33,61,-1,215.3,244.67,67
33,62,-1,149.26,257.11,68
33,63,1,178.75,247.53,70
33,64,-1,328.42,96.164,71
33,65,-1,386.1,251.99,72
33,66,-1,403.37,261.09,73
33,67,-1,228.18,358.74,74
33,68,-1,157.39,190.48,75
33,69,-1,138.31,338.46,76
33,70,-1,354.35,244.6,77
33,71,-1,118.09,171.95,78
33,72,1,360.02,132.77,79
33,73,-1,340.59,121.28,80
33,74,-1,193.49,92.087,81
33,75,-1,346.52,301.35,83
33,76,-1,296,354.25,84
33,77,-1,288.98,311.29,85
33,78,-1,233.52,86.362,86
33,79,-1,299.46,333.33,87
33,80,1,251.82,366.04,88
33,81,-1,406.09,283.15,90
33,82,-1,190.39,264.06,91
33,83,-1,140.47,224.31,92
33,84,-1,252.5,350.73,93
33,85,-1,372.14,96.714,94
33,86,-1,208.21,102.11,95
33,87,-1,333.87,262.05,96
33,88,-1,137.75,143.07,97
33,89,-1,392.33,290.47,98
33,90,-1,360.2,232.28,99
33,91,-1,265.25,330.87,100
33,92,1,153.35,340.29,101
33,93,1,252.34,334.53,102
33,94,-1,274.53,389.08,104
33,95,-1,136.02,128.48,105
33,96,-1,226.7,227.76,106
33,97,-1,218.76,183.2,107
33,98,-1,131.72,172.6,108
33,99,-1,266.49,342.99,109
33,100,-1,270.6,300.83,110
33,101,1,122.33,328.07,111
33,102,-1,156.88,219.42,112
33,103,-1,348.27,261.9,113
33,104,1,257.5,305.61,114
33,105,1,358.36,306.53,115
33,106,-1,295.75,369.62,116
33,107,-1,171.95,183.87,117
33,108,1,233.43,214.28,118
33,109,-1,105.89,165.22,119
33,110,-1,332.14,299.61,120
33,111,-1,142.61,211.78,121
33,112,1,175.04,169.69,122
33,113,1,159.89,177.57,123
33,114,1,277.61,308.6,125
33,115,1,147.29,349.82,126
33,116,-1,240.79,358.91,127
34,1,1,44.993,51.999,1
34,2,-1,354.38,131.25,2
34,3,-1,417.57,134.99,3
34,4,-1,228.95,128.99,4
34,5,-1,120.47,173.44,6
34,6,-1,269.64,371.21,7
34,7,-1,180.2,279.8,8
34,8,-1,363.31,288.71,9
34,9,1,204.97,230.18,10
34,10,-1,399,125.43,11
34,11,-1,135.65,324.02,12
34,12,1,165.21,250.03,13
34,13,-1,206.5,135.86,14
34,14,1,341.96,256.21,15
34,15,1,278.5,359.99,16
34,16,-1,232,351.4,17
34,17,1,353.84,298.8,18
34,18,-1,216.74,193.55,19
34,19,-1,281.68,335.77,20
34,20,-1,201.78,215.49,22
34,21,-1,350.87,111.74,23
34,22,1,167.02,282.26,24
34,23,-1,380.11,296.52,25
34,24,-1,167.38,266.39,26
34,25,-1,104.24,168.74,28
34,26,-1,234.11,333.85,29
34,27,-1,151.14,257.43,30
34,28,-1,158.25,223.23,31
34,29,-1,377.37,314.37,32
34,30,-1,261.89,388.87,33
34,31,-1,345.52,288.54,34
34,32,1,216.62,250.52,35
34,33,-1,208.1,276.15,36
34,34,-1,127.08,156.53,37
34,35,-1,369.97,139.99,38
34,36,-1,230.6,217.94,39
34,37,-1,249.11,118.5,40
34,38,-1,290.75,349.09,41
34,39,-1,149.78,337.16,42
34,40,-1,396.7,286.21,43
34,41,1,371.16,256.79,44
34,42,-1,252.25,329.74,45
34,43,-1,331.04,134.43,46
34,44,-1,211.69,106.29,48
34,45,-1,380.64,281.79,50
34,46,-1,346.11,239.46,51
34,47,-1,382.76,132.56,52
34,48,-1,194.32,267.2,53
34,49,-1,242.93,384.72,54
34,50,-1,135.44,176.4,55
34,51,1,198.88,191.76,56
34,52,-1,348.53,158.49,57
34,53,-1,285.07,370.39,58
34,54,-1,192.67,253.14,59
34,55,1,268.68,327.77,60
34,56,-1,337.86,302.41,61
34,57,-1,109.62,151.06,62
34,58,-1,222.74,235.62,63
34,59,-1,366.09,304.8,65
34,60,-1,280.32,383.54,66
34,61,-1,219.33,264.06,67
34,62,-1,153.13,275.7,68
34,63,1,183.07,267.72,70
34,64,-1,332.41,118.15,71
34,65,1,385.96,264.43,72
34,66,-1,405.9,273.72,73
34,67,-1,229.37,369.18,74
34,68,-1,162.72,209.58,75
34,69,-1,138.57,348.15,76
34,70,-1,358.14,250.39,77
34,71,-1,122.31,191.44,78
34,72,-1,364.23,155.09,79
34,73,-1,343.37,144.25,80
34,74,-1,197.99,113.02,81
34,75,-1,348.64,315.45,83
34,76,-1,296.8,362.47,84
34,77,-1,292.04,324.15,85
34,78,-1,238.27,107.31,86
34,79,1,302.72,344.31,87
34,80,1,255.89,375.98,88
34,81,-1,408.51,294.41,90
34,82,-1,193.51,282.11,91
34,83,-1,144.06,242.71,92
34,84,-1,254.83,362.19,93
34,85,-1,374.44,118.43,94
34,86,-1,211.54,122.25,95
34,87,-1,334.8,276.29,96
34,88,-1,142.04,162.47,97
34,89,-1,394.88,302.82,98
34,90,-1,360.98,235.43,99
34,91,1,267.16,341.04,100
34,92,1,162.46,348.65,101
34,93,1,253.66,345.64,102
34,94,-1,277.24,396.94,104
34,95,-1,140.7,147.42,105
34,96,-1,231.39,247.84,106
34,97,-1,228.82,203.36,107
34,98,-1,136.31,192.17,108
34,99,1,267.97,353.14,109
34,100,1,272.91,313.74,110
34,101,-1,122.18,334.47,111
34,102,-1,160.42,238.99,112
34,103,-1,349.15,275.18,113
34,104,1,262.73,319.05,114
34,105,1,360.8,319.84,115
34,106,1,296.93,378.03,116
34,107,-1,177.35,203.74,117
34,108,-1,237.25,233.62,118
34,109,-1,109.96,185.53,119
34,110,1,334.79,316.31,120
34,111,-1,146.82,230.24,121
34,112,1,177.35,188.29,122
34,113,1,166.52,195.86,123
34,114,1,280.61,321.12,125
34,115,-1,242.88,369.6,127
34,116,1,338,107,128
34,117,1,186.59,195.5,129
34,118,1,351.96,262.26,130
34,119,1,206.58,182.47,131
34,120,-1,225.3,169.07,132
35,1,1,44.993,51.999,1
35,2,-1,356.07,149.23,2
35,3,-1,418.37,152.27,3
35,4,-1,231.65,144.06,4
35,5,-1,123.24,190.19,6
35,6,-1,269.04,383.1,7
35,7,-1,181.6,295.81,8
35,8,-1,363.05,303.06,9
35,9,1,205.46,245.85,10
35,10,-1,398.78,143.38,11
35,11,-1,136.88,340.56,12
35,12,1,179.71,270.84,13
35,13,1,208.63,153.35,14
35,14,-1,344.99,267.03,15
35,15,-1,278.89,370.89,16
35,16,-1,231.77,363.21,17
35,17,1,353.59,313.91,18
35,18,-1,217.85,211.85,19
35,19,-1,282.41,347.69,20
35,20,-1,189.94,239.98,22
35,21,-1,351.04,129.19,23
35,22,1,169.29,298.27,24
35,23,1,379.73,311.79,25
35,24,-1,168.26,282.36,26
35,25,-1,105.44,186.52,28
35,26,-1,236.05,347.7,29
35,27,-1,152.42,273.89,30
35,28,-1,158.12,239.43,31
35,29,-1,375.49,330.38,32
35,30,-1,262.26,400.21,33
35,31,-1,346.08,303.81,34
35,32,1,218.78,267.24,35
35,33,-1,209.53,292.06,36
35,34,-1,128.59,173.44,37
35,35,-1,371.35,157.68,38
35,36,-1,231.17,235.04,39
35,37,-1,250.68,135.34,40
35,38,1,290.74,361.34,41
35,39,-1,151.81,351.71,42
35,40,-1,395.97,301.98,43
35,41,-1,372.74,271.07,44
35,42,-1,251.48,340.72,45
35,43,-1,331.27,151.38,46
35,44,-1,214.21,122.55,48
35,45,-1,380.16,296.86,50
35,46,-1,347.35,250.97,51
35,47,-1,383.8,150.32,52
35,48,-1,196.19,282.64,53
35,49,-1,243,396.92,54
35,50,-1,137.85,194.14,55
35,51,-1,200.91,209.4,56
35,52,-1,349.5,175.84,57
35,53,1,285.21,381.86,58
35,54,-1,194.24,268.68,59
35,55,1,267.62,340.81,60
35,56,-1,337.49,316.26,61
35,57,-1,111.11,168.64,62
35,58,-1,222.59,253.23,63
35,59,-1,365.43,319.87,65
35,60,-1,282.52,394.37,66
35,61,-1,221.06,279.88,67
35,62,-1,154.17,291.81,68
35,63,1,185.41,283.17,70
35,64,-1,332.52,135.13,71
35,65,-1,388.94,279.12,72
35,66,-1,405.14,289.08,73
35,67,-1,229.62,381.08,74
35,68,-1,163.08,225.84,75
35,69,-1,141.47,364.86,76
35,70,-1,360.9,261.79,77
35,71,-1,124.18,208.77,78
35,72,-1,366.36,172.04,79
35,73,-1,345.22,160.97,80
35,74,-1,199.44,130.25,81
35,75,-1,347.62,329.7,83
35,76,-1,297.18,375.05,84
35,77,-1,293.36,336.83,85
35,78,-1,239.84,123.72,86
35,79,1,301.35,359.55,87
35,80,-1,255.26,387.55,88
35,81,-1,408.44,310.34,90
35,82,-1,194.52,297.95,91
35,83,-1,144.03,259.47,92
35,84,-1,255.2,373.88,93
35,85,1,375.49,137.13,94
35,86,-1,213.21,140.06,95
35,87,1,337.07,289.9,96
35,88,-1,144.45,179.59,97
35,89,-1,394.55,319.52,98
35,90,-1,356.83,236.04,99
35,91,1,266.96,353.33,100
35,92,1,166.87,362.03,101
35,93,1,252.65,356.35,102
35,94,-1,277.98,407.29,104
35,95,-1,142.63,163.74,105
35,96,-1,232.86,263.5,106
35,97,-1,230.25,219.78,107
35,98,-1,138.4,209.46,108
35,99,1,268.14,366.78,109
35,100,1,272.75,326.21,110
35,101,-1,123.7,350.3,111
35,102,-1,161.22,255.38,112
35,103,1,350.24,290.32,113
35,104,1,260.44,329.71,114
35,105,-1,360.04,334.56,115
35,106,-1,296.26,389.38,116
35,107,-1,177.93,220.34,117
35,108,-1,237.66,249.8,118
35,109,-1,112.04,202.11,119
35,110,-1,334.9,330.35,120
35,111,1,146.34,247.73,121
35,112,-1,177.52,204.76,122
35,113,1,166.3,212.62,123
35,114,1,280.14,333.7,125
35,115,-1,243.18,381.79,127
35,116,1,338.18,123.1,128
35,117,1,187.67,210.85,129
35,118,-1,355.55,276.34,130
35,119,1,208.33,200.8,131
35,120,-1,222.62,168.77,132
35,121,1,198.66,146.06,133
35,122,1,358.7,163.4,134
36,1,1,44.993,51.999,1
36,2,-1,358.19,157.08,2
36,3,-1,420.63,161.63,3
36,4,-1,234.18,155.32,4
36,5,-1,125.68,199.42,6
36,6,-1,271.97,394.18,7
36,7,-1,183.5,305.31,8
36,8,-1,366.72,314.69,9
36,9,1,211.3,254.96,10
36,10,-1,401.18,153.28,11
36,11,-1,139.9,350.52,12
36,12,1,183.04,279.85,13
36,13,1,210.55,161.33,14
36,14,-1,345.76,282.64,15
36,15,1,281.44,381.87,16
36,16,-1,234.38,373.82,17
36,17,1,355.97,325.41,18
36,18,-1,220.09,220.39,19
36,19,-1,285.09,358.08,20
36,20,-1,193.59,250.67,22
36,21,-1,354.16,137.53,23
36,22,1,170.46,308.02,24
36,23,1,381.88,323.4,25
36,24,-1,170.75,291.11,26
36,25,-1,108.11,194.67,28
36,26,1,240.17,360.17,29
36,27,-1,154.67,282.82,30
36,28,-1,159.11,248.41,31
36,29,-1,378.42,341.71,32
36,30,-1,265.22,412.36,33
36,31,-1,348.13,314.66,34
36,32,1,220.98,275.9,35
36,33,-1,212.01,300.82,36
36,34,-1,131.56,182.3,37
36,35,-1,373.8,166.56,38
36,36,-1,232.99,244.07,39
36,37,-1,252.8,144.62,40
36,38,-1,293.39,371.56,41
36,39,-1,154.06,362.1,42
36,40,-1,399.11,313.86,43
36,41,-1,375.77,282.06,44
36,42,-1,254.17,351.44,45
36,43,-1,334.16,160.67,46
36,44,-1,217.29,131.35,48
36,45,-1,383.38,309.79,50
36,46,-1,349.63,264.97,51
36,47,-1,386.27,159.64,52
36,48,-1,199.34,291.41,53
36,49,-1,245.46,408.76,54
36,50,-1,139.94,202.87,55
36,51,-1,202.56,217.29,56
36,52,-1,353.03,185.15,57
36,53,-1,285.82,392.26,58
36,54,-1,197,277,59
36,55,-1,270.53,350.97,60
36,56,-1,340.04,326.92,61
36,57,-1,112.77,176.95,62
36,58,-1,224.78,261.98,63
36,59,-1,367.62,331.14,65
36,60,-1,284.23,405.49,66
36,61,-1,224.01,288.22,67
36,62,-1,157.41,302.2,68
36,63,1,187.58,292.13,70
36,64,-1,335.54,144.13,71
36,65,1,390.78,290.75,72
36,66,-1,408.67,301.11,73
36,67,-1,232.01,391.61,74
36,68,-1,165.5,235.29,75
36,69,-1,143.95,375.78,76
36,70,-1,363.95,273.15,77
36,71,-1,126.42,217.89,78
36,72,-1,369.5,180.95,79
36,73,-1,347.91,169.65,80
36,74,-1,201.49,138.43,81
36,75,-1,350.21,340.51,83
36,76,-1,299.51,385.53,84
36,77,-1,295.8,347.19,85
36,78,-1,242.79,133.01,86
36,79,1,306.02,368.92,87
36,80,-1,257.89,399.27,88
36,81,-1,411.38,322.47,90
36,82,-1,196.54,306.59,91
36,83,-1,146.1,268.9,92
36,84,-1,257.18,384.01,93
36,85,-1,379.12,146.07,94
36,86,-1,216.28,149.52,95
36,87,-1,338.56,301.91,96
36,88,-1,146.34,188.91,97
36,89,-1,397.54,331.2,98
36,90,-1,358.64,239.65,99
36,91,1,271.15,362.89,100
36,92,-1,168.59,368.77,101
36,93,1,259.27,368.49,102
36,94,-1,280.48,419.12,104
36,95,-1,145.2,171.88,105
36,96,-1,236.23,272.18,106
36,97,-1,233.55,227.2,107
36,98,-1,141.32,218.87,108
36,99,1,269.7,378.41,109
36,100,-1,276.08,337.15,110
36,101,-1,126.52,360.35,111
36,102,-1,163.42,264.4,112
36,103,-1,351.04,300.57,113
36,104,1,264.57,339.55,114
36,105,1,361.77,344.96,115
36,106,-1,298.49,400.66,116
36,107,-1,180.46,228.9,117
36,108,-1,239.7,258.44,118
36,109,-1,113.77,211.83,119
36,110,-1,335.5,340.03,120
36,111,1,149.23,256.12,121
36,112,-1,176.87,211.59,122
36,113,-1,167.82,221.18,123
36,114,1,282.88,345.09,125
36,115,-1,245.89,392.57,127
36,116,1,340.19,131.07,128
36,117,1,190.99,218.87,129
36,118,-1,358.9,289.45,130
36,119,1,209.98,208.77,131
36,120,-1,224.03,171.72,132
36,121,1,200.18,154.68,133
36,122,1,362.57,171.25,134
36,123,1,178.92,242.92,135
36,124,1,153.47,201.59,136
37,1,1,44.993,51.999,1
37,2,-1,359.14,172.65,2
37,3,-1,420.53,176.46,3
37,4,-1,235.23,163.33,4
37,5,-1,125.91,214.66,6
37,6,-1,271.57,408.92,7
37,7,-1,184.66,320.1,8
37,8,-1,366.45,328.37,9
37,9,1,208.41,270.45,10
37,10,-1,400.52,168.05,11
37,11,-1,140.14,365.96,12
37,12,-1,184.97,296.44,13
37,13,1,208.93,171.44,14
37,14,-1,345.32,297.53,15
37,15,1,282.35,397.44,16
37,16,-1,234.88,388.83,17
37,17,1,355.8,338.39,18
37,18,-1,220.38,234.76,19
37,19,-1,285.38,372.71,20
37,20,1,193.38,265.49,22
37,21,-1,353.65,152.86,23
37,22,1,173.07,321.84,24
37,23,-1,382.22,338.07,25
37,24,-1,171.04,306.06,26
37,25,-1,108.57,209.81,28
37,26,-1,239.48,374.67,29
37,27,-1,154.98,297.3,30
37,28,-1,161.84,262.06,31
37,29,-1,378.41,356.7,32
37,30,-1,265.66,427.75,33
37,31,-1,349.39,329.32,34
37,32,1,220.92,290.86,35
37,33,-1,213.12,316.16,36
37,34,-1,131.82,196.64,37
37,35,-1,374.37,182.68,38
37,36,-1,234.5,259.19,39
37,37,-1,253.33,157.77,40
37,38,1,293.91,385.66,41
37,39,-1,155.82,378.2,42
37,40,-1,399.65,329.16,43
37,41,-1,376.63,296.93,44
37,42,-1,254.11,366.08,45
37,43,-1,334.23,175.58,46
37,44,-1,216.14,143.05,48
37,45,-1,381.99,324.51,50
37,46,-1,349.45,280.71,51
37,47,-1,383.89,174.53,52
37,48,-1,199.06,306.3,53
37,49,-1,245.77,424.05,54
37,50,-1,140.03,218.23,55
37,51,1,203.13,231.56,56
37,52,-1,352.85,200.38,57
37,53,1,285.74,406.62,58
37,54,-1,198.05,292.12,59
37,55,1,270.87,366.43,60
37,56,-1,340.18,341.57,61
37,57,-1,113.32,192.38,62
37,58,-1,225.38,277.28,63
37,59,-1,368.07,344.92,65
37,60,-1,283.83,420.88,66
37,61,-1,225.45,303.88,67
37,62,-1,157.91,317.11,68
37,63,-1,335.84,158.87,71
37,64,-1,391.02,306.43,72
37,65,-1,408.13,315.51,73
37,66,-1,231.98,406.53,74
37,67,-1,166.93,251.73,75
37,68,-1,144.45,391.04,76
37,69,-1,362.76,290.42,77
37,70,-1,126.82,232.7,78
37,71,-1,369.16,196.54,79
37,72,-1,348.02,184.77,80
37,73,-1,201.42,149.75,81
37,74,-1,350.6,354.52,83
37,75,-1,299.18,400.26,84
37,76,-1,297.03,362.42,85
37,77,-1,244.1,145.57,86
37,78,1,304.95,384.4,87
37,79,-1,258.46,414.17,88
37,80,-1,411.94,337.91,90
37,81,-1,196.79,322.1,91
37,82,-1,147.25,283.44,92
37,83,-1,257.01,399.07,93
37,84,-1,379.26,161.09,94
37,85,-1,338.85,316.84,96
37,86,-1,147.81,203.32,97
37,87,-1,397.33,346.09,98
37,88,-1,357.12,238.66,99
37,89,1,270.66,378.59,100
37,90,-1,170.35,384.3,101
37,91,1,257.21,383.45,102
37,92,-1,281.12,434.97,104
37,93,-1,146.54,188.09,105
37,94,-1,236.76,287.53,106
37,95,-1,232.83,242.53,107
37,96,-1,141.55,234.18,108
37,97,1,271.59,393.76,109
37,98,1,274.33,351.02,110
37,99,-1,126.13,376.04,111
37,100,-1,164.42,279.25,112
37,101,-1,351.03,315.46,113
37,102,1,265.41,355.32,114
37,103,1,363.16,360.18,115
37,104,-1,299.04,415.49,116
37,105,-1,179.9,243.91,117
37,106,-1,240.35,273.4,118
37,107,-1,114.52,226.9,119
37,108,-1,335.44,353.61,120
37,109,-1,150.03,270.45,121
37,110,-1,178.62,228.46,122
37,111,-1,166.58,235.71,123
37,112,1,283.68,357.28,125
37,113,-1,245.98,407.44,127
37,114,1,341.01,145.27,128
37,115,1,190.88,233.73,129
37,116,-1,358.91,304.41,130
37,117,1,198.63,164.88,133
37,118,1,361.97,187.05,134
37,119,1,180.45,257.96,135
37,120,-1,372.84,313.96,137
38,1,1,44.993,50.999,1
38,2,-1,364.64,193,2
38,3,-1,426.08,196.84,3
38,4,-1,238.96,188.55,4
38,5,-1,132.33,234.15,6
38,6,-1,277.62,427.92,7
38,7,-1,190.98,339.6,8
38,8,-1,371.54,348.26,9
38,9,1,216.55,288.53,10
38,10,-1,406.51,188.09,11
38,11,-1,145.65,384.88,12
38,12,-1,189.75,315.86,13
38,13,-1,219.26,194.15,14
38,14,-1,352.09,316.96,15
38,15,1,289.23,417.37,16
38,16,-1,240.47,407.78,17
38,17,1,362.09,358.14,18
38,18,-1,227.27,253.97,19
38,19,-1,291.12,391.34,20
38,20,1,200.93,285.3,22
38,21,-1,359.19,173.77,23
38,22,-1,390.65,359,25
38,23,-1,178.76,326.08,26
38,24,-1,114.99,229.96,28
38,25,-1,245.76,393.08,29
38,26,-1,162.83,317.1,30
38,27,-1,167.17,281.81,31
38,28,-1,384.14,375.74,32
38,29,-1,270.7,446.98,33
38,30,-1,355.57,348.53,34
38,31,1,227.28,310.58,35
38,32,-1,218.72,335.67,36
38,33,-1,138.55,216.89,37
38,34,-1,381.56,201.36,38
38,35,-1,240.74,278.86,39
38,36,-1,260.63,178.56,40
38,37,1,287.93,404.84,41
38,38,-1,161.24,397.38,42
38,39,-1,404.63,348.22,43
38,40,-1,381.04,317.46,44
38,41,1,259.32,384.83,45
38,42,-1,339.89,195.65,46
38,43,-1,223,162.56,48
38,44,-1,387.77,343.74,50
38,45,-1,355.31,299.86,51
38,46,-1,391.57,194.01,52
38,47,-1,204.23,325.91,53
38,48,-1,251.29,443.32,54
38,49,-1,148,237.94,55
38,50,-1,209.79,251.62,56
38,51,-1,359.29,219.69,57
38,52,1,290.56,425.7,58
38,53,-1,203.85,311.81,59
38,54,1,276.06,385.17,60
38,55,-1,345.98,361.01,61
38,56,-1,120.29,212.55,62
38,57,-1,231.15,296.38,63
38,58,-1,373.75,363.96,65
38,59,-1,289.64,440.06,66
38,60,-1,230.91,324.2,67
38,61,-1,165.88,335.83,68
38,62,-1,341.01,178.82,71
38,63,-1,398.55,323.79,72
38,64,-1,413.63,335.05,73
38,65,-1,237.42,425.36,74
38,66,-1,173.52,270.99,75
38,67,-1,150.5,411.13,76
38,68,-1,368.84,307.99,77
38,69,-1,133.65,252.96,78
38,70,-1,375.5,216.11,79
38,71,-1,351.98,207.4,80
38,72,-1,205.96,172.08,81
38,73,-1,355.67,373.98,83
38,74,-1,306.54,419.7,84
38,75,-1,303.16,380.31,85
38,76,-1,250.9,166.84,86
38,77,-1,300.26,406,87
38,78,-1,263.51,432.89,88
38,79,-1,416.53,357.55,90
38,80,-1,204.05,342.07,91
38,81,-1,152.97,303.41,92
38,82,-1,263.23,419.04,93
38,83,-1,385.21,181.5,94
38,84,-1,345.35,337.03,96
38,85,-1,154.72,223.4,97
38,86,-1,403.11,366.09,98
38,87,-1,358.55,237.27,99
38,88,-1,175.27,407.7,101
38,89,-1,286.5,453.81,104
38,90,-1,152.2,207.81,105
38,91,-1,242.63,307.27,106
38,92,-1,239.94,262.34,107
38,93,-1,148.93,254.23,108
38,94,-1,276.93,410.47,109
38,95,-1,280.27,371.44,110
38,96,-1,132.66,395.16,111
38,97,-1,170.17,298.11,112
38,98,-1,359.15,336,113
38,99,1,270.21,376.13,114
38,100,-1,367.97,378.69,115
38,101,-1,303.72,434.44,116
38,102,-1,185.86,262.65,117
38,103,-1,245.57,293.28,118
38,104,1,121.2,246.39,119
38,105,-1,341.83,375.11,120
38,106,-1,156.1,289.41,121
38,107,-1,185.05,247.37,122
38,108,-1,172.66,255.7,123
38,109,1,291.28,375.39,125
38,110,-1,250.78,427.68,127
38,111,-1,347.7,169.27,128
38,112,-1,196.57,253.92,129
38,113,-1,364.29,323.38,130
38,114,-1,210.61,186.51,133
38,115,1,367.82,205.95,134
38,116,1,184.93,276.79,135
38,117,-1,377.6,334.79,137
38,118,1,160.47,235.92,138
38,119,-1,371.77,176.03,139
38,120,-1,176.37,309.45,140
38,121,-1,217.21,319.76,141
38,122,-1,193.41,326.37,142
38,123,-1,217.61,243.51,143
38,124,-1,129.37,200.28,144
